t_contact_s,theta_err_t1_deg
0,9.266242244
0.001,9.265702921
0.002,9.265033857
0.003,9.264492722
0.004,9.26386264
0.005,9.26317812
0.006,9.26204603
0.007,9.260601663
0.008,9.258739953
0.009,9.256682442
0.01,9.254252597
0.011,9.252035971
0.012,9.249521823
0.013,9.247212993
0.014,9.245063635
0.015,9.242854279
0.016,9.240756824
0.017,9.238678514
0.018,9.236580449
0.019,9.234896071
0.02,9.233152647
0.021,9.231820555
0.022,9.230484871
0.023,9.22919112
0.024,9.228016526
0.025,9.226906573
0.026,9.225698646
0.027,9.22462632
0.028,9.22381937
0.029,9.222885809
0.03,9.221965232
0.031,9.221134988
0.032,9.220322282
0.033,9.219530914
0.034,9.21862886
0.035,9.217844728
0.036,9.217052006
0.037,9.216493369
0.038,9.215713759
0.039,9.214873435
0.04,9.214132274
0.041,9.213196827
0.042,9.212343665
0.043,9.211411086
0.044,9.21060152
0.045,9.209838195
0.046,9.208991065
0.047,9.208217487
0.048,9.207415845
0.049,9.206974866
0.05,9.206452208
0.051,9.206101752
0.052,9.205556365
0.053,9.205104495
0.054,9.204746259
0.055,9.204367827
0.056,9.203979715
0.057,9.203690237
0.058,9.203150125
0.059,9.202972843
0.06,9.202501419
0.061,9.202201395
0.062,9.201841015
0.063,9.20139363
0.064,9.201168582
0.065,9.200777417
0.066,9.20051014
0.067,9.20029921
0.068,9.199887772
0.069,9.199646244
0.07,9.199400918
0.071,9.199116604
0.072,9.198867153
0.073,9.1987453
0.074,9.198505405
0.075,9.198159058
0.076,9.197845448
0.078,9.19722979
0.079,9.197104532
0.08,9.196640663
0.081,9.196410459
0.082,9.196003622
0.083,9.195792426
0.084,9.195661477
0.085,9.19553995
0.086,9.195304563
0.087,9.19521143
0.088,9.195027839
0.089,9.194916589
0.09,9.19475683
0.091,9.194582834
0.092,9.194394845
0.093,9.194095643
0.094,9.193994334
0.095,9.193761299
0.096,9.193559716
0.097,9.193526442
0.098,9.193107994
0.099,9.192912802
0.1,9.192801669
0.101,9.192591399
0.102,9.192545111
0.103,9.192345942
0.104,9.192190992
0.105,9.192058631
0.106,9.19179024
0.107,9.191621183
0.108,9.191409459
0.109,9.191328666
0.11,9.191017896
0.111,9.190810812
0.112,9.190568077
0.113,9.190488431
0.114,9.190295099
0.115,9.189978184
0.116,9.189838951
0.117,9.189820599
0.118,9.189652829
0.119,9.189524837
0.12,9.189581795
0.121,9.189385265
0.122,9.189201198
0.123,9.189003036
0.124,9.188940665
0.125,9.188844229
0.126,9.188570111
0.127,9.18849994
0.128,9.188407598
0.129,9.188238982
0.13,9.188096232
0.131,9.187997484
0.132,9.187834294
0.133,9.187742979
0.134,9.187681795
0.135,9.187626331
0.136,9.187455943
0.137,9.187411639
0.138,9.187296846
0.139,9.187305398
0.14,9.187108859
0.141,9.186983129
0.142,9.18677837
0.143,9.186771784
0.144,9.186604029
0.145,9.186492625
0.146,9.186335073
0.147,9.186162928
0.148,9.18593992
0.149,9.185727409
0.15,9.185676206
0.151,9.185507817
0.152,9.185308595
0.153,9.185291688
0.154,9.185226895
0.155,9.185078132
0.156,9.184847894
0.157,9.184836519
0.158,9.184656673
0.159,9.184548056
0.16,9.184318578
0.161,9.184086031
0.162,9.184045955
0.163,9.183871728
0.164,9.183678289
0.165,9.183495473
0.166,9.183381291
0.167,9.183225858
0.168,9.183113384
0.169,9.1828222
0.17,9.182755387
0.171,9.182634885
0.172,9.182431711
0.173,9.182454174
0.174,9.182295765
0.175,9.18224172
0.176,9.182096189
0.177,9.181925345
0.178,9.181919368
0.179,9.181752971
0.18,9.181471895
0.181,9.181327242
0.182,9.181175163
0.183,9.180997233
0.184,9.180957049
0.185,9.180708722
0.186,9.180638211
0.187,9.180524749
0.188,9.180234098
0.189,9.180108775
0.19,9.180132603
0.191,9.179963827
0.192,9.179988824
0.193,9.179825382
0.194,9.179755478
0.195,9.17967393
0.196,9.179482578
0.197,9.179359046
0.198,9.179357988
0.199,9.179170932
0.2,9.179077836
0.201,9.17890757
0.202,9.178769236
0.203,9.178746488
0.204,9.178506455
0.205,9.178447032
0.206,9.178218608
0.207,9.178147356
0.208,9.178052343
0.209,9.177767212
0.21,9.177696994
0.211,9.177540635
0.212,9.177334398
0.213,9.177213856
0.214,9.17700038
0.215,9.176838798
0.216,9.176667063
0.217,9.176581411
0.218,9.176358853
0.219,9.176313206
0.22,9.176074252
0.221,9.176032041
0.222,9.175933707
0.223,9.175828756
0.224,9.175680478
0.225,9.175584325
0.226,9.175537482
0.227,9.175222151
0.228,9.175143405
0.229,9.175111814
0.23,9.174878513
0.231,9.174581543
0.232,9.174521384
0.233,9.174398806
0.234,9.174219748
0.235,9.174076948
0.236,9.173786982
0.237,9.173695502
0.238,9.173587919
0.239,9.173413888
0.24,9.173406728
0.241,9.17329701
0.242,9.173141419
0.243,9.173067161
0.244,9.172879774
0.245,9.172710066
0.246,9.172740954
0.247,9.172562679
0.248,9.172476758
0.249,9.172392747
0.25,9.172302287
0.251,9.172098855
0.252,9.171938218
0.253,9.171874298
0.254,9.171733307
0.255,9.171735458
0.256,9.171587657
0.257,9.171353641
0.258,9.171117149
0.259,9.17100612
0.26,9.170828337
0.261,9.170704786
0.262,9.170482084
0.263,9.170444349
0.264,9.170266496
0.265,9.170042205
0.266,9.169951437
0.267,9.169834931
0.268,9.169740601
0.269,9.169590055
0.27,9.169482139
0.271,9.16936185
0.272,9.169249839
0.273,9.169073068
0.274,9.168951764
0.275,9.168850144
0.276,9.168717821
0.277,9.16853931
0.278,9.168478019
0.279,9.168348507
0.28,9.168191261
0.281,9.168015492
0.282,9.168004564
0.283,9.167759101
0.284,9.167550766
0.285,9.167439841
0.286,9.167351926
0.287,9.167090461
0.288,9.166971766
0.289,9.166851091
0.29,9.166629591
0.291,9.166428769
0.292,9.166335268
0.293,9.166233998
0.294,9.166131532
0.295,9.165930522
0.296,9.165717067
0.297,9.165681553
0.298,9.165428838
0.299,9.165455798
0.3,9.165316422
0.301,9.165110987
0.302,9.164973298
0.303,9.164896948
0.304,9.164562867
0.305,9.164578942
0.306,9.164489364
0.307,9.1643426
0.308,9.164182025
0.309,9.1640437
0.31,9.163898317
0.311,9.163675798
0.312,9.163721106
0.313,9.163597341
0.314,9.163688516
0.315,9.163436964
0.316,9.163332821
0.317,9.163274997
0.318,9.162920775
0.319,9.162889712
0.32,9.162686091
0.321,9.162518816
0.322,9.162508095
0.323,9.162266711
0.324,9.162181295
0.325,9.161976088
0.326,9.161917355
0.327,9.161782669
0.328,9.161647522
0.329,9.161329383
0.33,9.161216546
0.331,9.160941934
0.332,9.160911971
0.333,9.160703889
0.334,9.160514891
0.335,9.160435137
0.336,9.160170973
0.337,9.160044778
0.338,9.15989021
0.339,9.159688835
0.34,9.159552221
0.341,9.159461936
0.342,9.15930962
0.343,9.159079255
0.344,9.158959289
0.345,9.158741168
0.346,9.158544993
0.347,9.15852236
0.348,9.158255807
0.349,9.15802281
0.35,9.157999397
0.351,9.15789042
0.352,9.157721124
0.353,9.157570228
0.354,9.157399496
0.355,9.157284284
0.356,9.156992888
0.357,9.156582631
0.358,9.156227831
0.359,9.155901805
0.36,9.155624924
0.361,9.15478859
0.362,9.154292222
0.363,9.154206721
0.364,9.154182015
0.365,9.153831342
0.366,9.153910591
0.367,9.153805227
0.368,9.153711735
0.369,9.15393055
0.37,9.154024848
0.371,9.154154852
0.372,9.154358263
0.373,9.154599435
0.374,9.154917504
0.375,9.155221072
0.376,9.155357959
0.377,9.15569331
0.378,9.15613366
0.379,9.156542115
0.38,9.156935921
0.381,9.157158245
0.382,9.157577262
0.383,9.158130358
0.384,9.158480077
0.385,9.159059137
0.386,9.159653071
0.387,9.160012314
0.388,9.160614294
0.389,9.160963521
0.39,9.161528112
0.391,9.161887598
0.392,9.162262235
0.393,9.162484997
0.394,9.162629951
0.395,9.162788314
0.396,9.162788655
0.397,9.162757241
0.398,9.162442396
0.399,9.162223514
0.4,9.16207109
0.401,9.161703753
0.402,9.161609343
0.403,9.161342423
0.404,9.161149211
0.405,9.161035524
0.406,9.160668291
0.407,9.160227603
0.408,9.160022774
0.409,9.159930517
0.41,9.159795669
0.411,9.159693691
0.412,9.159537232
0.413,9.159404929
0.414,9.159214586
0.415,9.159153482
0.416,9.158957728
0.417,9.15877146
0.418,9.158943393
0.419,9.158710547
0.42,9.15872352
0.421,9.158618093
0.422,9.158648479
0.423,9.158591773
0.424,9.158485019
0.425,9.158432135
0.426,9.158232879
0.427,9.158271178
0.428,9.158319746
0.429,9.158290289
0.43,9.158352197
0.431,9.158229421
0.432,9.158267548
0.433,9.158331206
0.434,9.158115193
0.435,9.158282969
0.436,9.158179647
0.437,9.15821607
0.438,9.158163276
0.439,9.158089657
0.44,9.15803374
0.441,9.157825291
0.442,9.157723577
0.443,9.157741808
0.444,9.157532011
0.445,9.157400907
0.446,9.157183923
0.447,9.157025118
0.448,9.156772449
0.449,9.156619933
0.45,9.156458344
0.451,9.156310962
0.452,9.156140528
0.453,9.156070955
0.454,9.155721355
0.455,9.155661929
0.456,9.155232711
0.457,9.155094911
0.458,9.154890791
0.459,9.154617286
0.46,9.15448085
0.461,9.154149923
0.462,9.153988672
0.463,9.153679876
0.464,9.153476388
0.465,9.153128676
0.466,9.152850265
0.467,9.152631946
0.468,9.152395241
0.469,9.152260557
0.47,9.151959459
0.471,9.151744877
0.472,9.1516158
0.473,9.151493311
0.474,9.151264432
0.475,9.151178241
0.476,9.151091658
0.477,9.151136624
0.478,9.151096132
0.479,9.151126709
0.48,9.151120336
0.481,9.151186597
0.482,9.151117006
0.483,9.151202493
0.484,9.151190034
0.485,9.15113761
0.486,9.151167354
0.487,9.151120674
0.488,9.151149189
0.489,9.151123492
0.49,9.151296291
0.491,9.151196415
0.492,9.151157285
0.493,9.150998398
0.494,9.150983615
0.495,9.1508591
0.496,9.150753026
0.497,9.150689632
0.498,9.150578384
0.499,9.150531193
0.5,9.150456707
0.501,9.150346779
0.502,9.150268461
0.503,9.150322365
0.504,9.15022149
0.505,9.150229356
0.506,9.15018892
0.507,9.150181406
0.508,9.150170435
0.509,9.149998235
0.51,9.150032517
0.511,9.149815832
0.512,9.149785515
0.513,9.149817195
0.514,9.149814869
0.515,9.149774167
0.516,9.149738129
0.517,9.149593699
0.518,9.149645213
0.519,9.149560483
0.52,9.14955556
0.521,9.14954753
0.522,9.149530217
0.523,9.149362037
0.524,9.149301559
0.525,9.149354939
0.526,9.149201728
0.527,9.149262685
0.528,9.149282534
0.529,9.149210515
0.53,9.149082408
0.531,9.14912373
0.532,9.149082452
0.533,9.148982219
0.534,9.149049722
0.535,9.148941633
0.536,9.149001898
0.537,9.149008573
0.538,9.149023267
0.539,9.148924107
0.54,9.148942896
0.541,9.148922446
0.542,9.148917247
0.543,9.148876553
0.544,9.148798615
0.545,9.148770041
0.546,9.14874287
0.547,9.148658977
0.548,9.148661246
0.549,9.148674828
0.55,9.148653669
0.551,9.148582168
0.552,9.148613105
0.553,9.148709131
0.554,9.148537916
0.555,9.148582665
0.556,9.148513347
0.557,9.148570125
0.558,9.148556659
0.559,9.148557442
0.56,9.148641645
0.561,9.148650345
0.562,9.148650206
0.563,9.148525482
0.564,9.148513487
0.565,9.148503201
0.566,9.148421635
0.567,9.148488257
0.568,9.148439683
0.569,9.148483181
0.57,9.148401105
0.571,9.148447649
0.572,9.148360266
0.573,9.148360158
0.574,9.148358712
0.575,9.148321141
0.576,9.148318542
0.577,9.14830293
0.578,9.148301817
0.579,9.148168508
0.58,9.148178579
0.581,9.148180686
0.582,9.14801461
0.583,9.148069731
0.584,9.147964664
0.585,9.148064257
0.586,9.148039706
0.587,9.148116386
0.588,9.148138337
0.589,9.147949482
0.59,9.147942333
0.591,9.147971141
0.592,9.148057868
0.593,9.147959024
0.594,9.14801707
0.595,9.148109358
0.596,9.147967859
0.597,9.148064258
0.598,9.148078763
0.599,9.148025333
0.6,9.147987777
0.601,9.147871207
0.602,9.147909145
0.603,9.147985092
0.604,9.147814283
0.605,9.147862618
0.606,9.147891063
0.607,9.148007494
0.608,9.147943742
0.609,9.147953871
0.61,9.147858674
0.611,9.147848494
0.612,9.147883182
0.613,9.147837687
0.614,9.147887857
0.615,9.147864783
0.616,9.147836319
0.617,9.147921701
0.618,9.147817745
0.619,9.147908774
0.62,9.147803077
0.621,9.147881182
0.622,9.147807911
0.623,9.147826053
0.624,9.147790989
0.625,9.14786847
0.626,9.147852372
0.627,9.147761979
0.628,9.147875494
0.629,9.147768682
0.63,9.147738463
0.631,9.147785091
0.632,9.147742671
0.633,9.14774283
0.634,9.147749374
0.635,9.14775192
0.636,9.147607985
0.637,9.147756019
0.638,9.147789332
0.639,9.147716393
0.64,9.147737513
0.641,9.147772629
0.642,9.147727211
0.643,9.147670309
0.644,9.14763672
0.645,9.147527124
0.646,9.147646671
0.647,9.147606536
0.648,9.147586012
0.649,9.147624178
0.65,9.147529556
0.651,9.147617359
0.652,9.1476328
0.653,9.14759735
0.654,9.147544263
0.655,9.147451472
0.656,9.147582911
0.657,9.147508369
0.658,9.147579616
0.659,9.14742976
0.66,9.147422117
0.661,9.147471352
0.662,9.147522761
0.663,9.147392057
0.664,9.147405366
0.665,9.147400635
0.666,9.147427713
0.667,9.147293087
0.668,9.147302076
0.669,9.147406529
0.67,9.147255789
0.671,9.147263653
0.672,9.147294078
0.673,9.147289633
0.674,9.147302286
0.675,9.147309376
0.676,9.147258516
0.677,9.147363349
0.678,9.147325327
0.679,9.147220936
0.68,9.147327368
0.681,9.147374667
0.682,9.147361468
0.683,9.147300135
0.684,9.147229083
0.685,9.147279534
0.686,9.147209256
0.687,9.147253729
0.688,9.147209974
0.689,9.147235921
0.69,9.14727484
0.691,9.147211282
0.692,9.1471337
0.693,9.1471915
0.694,9.147121707
0.695,9.147183162
0.696,9.147194724
0.697,9.14713185
0.698,9.147110593
0.699,9.147066058
0.7,9.147106628
0.701,9.14708995
0.702,9.147207014
0.703,9.147109056
0.704,9.147140076
0.705,9.147106021
0.706,9.147160757
0.707,9.147178985
0.708,9.147142056
0.709,9.147051902
0.71,9.147142734
0.711,9.147072983
0.712,9.147145501
0.713,9.147043857
0.714,9.147075704
0.715,9.147006394
0.716,9.147092757
0.717,9.147096684
0.718,9.147086593
0.719,9.147038897
0.72,9.146975247
0.721,9.147028259
0.722,9.146910809
0.723,9.146947603
0.724,9.146951625
0.725,9.146932247
0.726,9.146979142
0.727,9.146876067
0.728,9.146972366
0.729,9.146869625
0.73,9.146790008
0.731,9.146801735
0.732,9.146795647
0.733,9.146898437
0.734,9.146864303
0.735,9.146839371
0.736,9.146864012
0.737,9.146980691
0.738,9.146753132
0.739,9.147000191
0.74,9.146852515
0.741,9.146821305
0.742,9.1468738
0.743,9.146798248
0.744,9.146737701
0.745,9.146813412
0.746,9.14684648
0.747,9.14685431
0.748,9.146978946
0.749,9.146890968
0.75,9.146819682
0.751,9.14687583
0.752,9.146823165
0.753,9.146791437
0.754,9.14662042
0.755,9.14681246
0.756,9.146727186
0.757,9.14675444
0.758,9.146772559
0.759,9.146769237
0.76,9.146749839
0.761,9.146794948
0.762,9.146861131
0.763,9.146758103
0.764,9.146756116
0.765,9.146719613
0.766,9.146714299
0.767,9.146759124
0.768,9.146849247
0.769,9.146735573
0.77,9.146716377
0.771,9.146698721
0.772,9.14675677
0.773,9.14667899
0.774,9.1466627
0.775,9.146752055
0.776,9.146702937
0.777,9.146698002
0.778,9.146678314
0.779,9.146712176
0.78,9.146651235
0.781,9.14659869
0.782,9.146597892
0.783,9.146616993
0.784,9.14667641
0.785,9.146603736
0.786,9.146497452
0.787,9.146615394
0.788,9.146505967
0.789,9.146460677
0.79,9.146646446
0.791,9.14648804
0.792,9.146422749
0.793,9.146450034
0.794,9.146471952
0.795,9.146550955
0.796,9.146468746
0.797,9.146506052
0.798,9.146462549
0.799,9.146410592
0.8,9.146454027
0.801,9.146474937
0.802,9.146412621
0.803,9.146394514
0.804,9.146374307
0.805,9.146452069
0.806,9.146441452
0.807,9.146405983
0.808,9.146507024
0.809,9.146413871
0.81,9.146354593
0.811,9.146431015
0.812,9.146516924
0.813,9.14646797
0.814,9.146464876
0.815,9.146473746
0.816,9.146380564
0.817,9.146345638
0.818,9.146380095
0.819,9.146272106
0.82,9.146382721
0.821,9.146357044
0.822,9.146352716
0.823,9.14647302
0.824,9.146400045
0.825,9.146249963
0.826,9.146275628
0.827,9.146335588
0.828,9.146383909
0.829,9.146315474
0.83,9.146454878
0.831,9.146408931
0.832,9.146294132
0.833,9.14627258
0.834,9.146245998
0.835,9.146261585
0.836,9.146331628
0.837,9.146201505
0.838,9.146121186
0.839,9.146062435
0.84,9.146218327
0.841,9.146130852
0.842,9.145980276
0.843,9.146167965
0.844,9.146153547
0.845,9.146230573
0.846,9.146139536
0.847,9.146066623
0.848,9.14610237
0.849,9.146058116
0.85,9.146059694
0.851,9.146131173
0.852,9.146129879
0.853,9.146090415
0.854,9.146114262
0.855,9.146161617
0.856,9.146059571
0.857,9.146100281
0.858,9.146150223
0.859,9.146014252
0.86,9.146101102
0.861,9.145980763
0.862,9.146003323
0.863,9.14602495
0.864,9.145976103
0.865,9.145968156
0.866,9.146010772
0.867,9.145958595
0.868,9.145938083
0.869,9.145871601
0.87,9.145946738
0.871,9.145894766
0.872,9.146015606
0.873,9.145893408
0.874,9.145968279
0.875,9.145848194
0.876,9.145946906
0.877,9.145959903
0.878,9.146011235
0.879,9.145897098
0.88,9.145947103
0.881,9.145925069
0.882,9.145932556
0.883,9.145994252
0.884,9.145874466
0.885,9.145878048
0.886,9.145953453
0.887,9.146016333
0.888,9.145975178
0.889,9.145902529
0.89,9.145811679
0.891,9.145842754
0.892,9.145788807
0.893,9.145837128
0.894,9.14582643
0.895,9.145869691
0.896,9.145871947
0.897,9.14574359
0.898,9.145819379
0.899,9.145764841
0.9,9.145679364
0.901,9.145766389
0.902,9.145716006
0.903,9.145639589
0.904,9.145651104
0.905,9.145680307
0.906,9.145789542
0.907,9.145724109
0.908,9.145812988
0.909,9.145729787
0.91,9.145678429
0.911,9.145675063
0.912,9.145641642
0.913,9.14564194
0.914,9.145709931
0.915,9.145570029
0.916,9.145644402
0.917,9.145650049
0.918,9.145678902
0.919,9.145565312
0.92,9.145701583
0.921,9.145747167
0.922,9.14568252
0.923,9.145640844
0.924,9.145609926
0.925,9.145536097
0.926,9.145583731
0.927,9.145504409
0.928,9.145621989
0.929,9.14551982
0.93,9.145436941
0.931,9.145469708
0.932,9.145515225
0.933,9.145451511
0.934,9.145403958
0.935,9.145509719
0.936,9.14552543
0.937,9.145465148
0.938,9.145557021
0.939,9.145527778
0.94,9.145494915
0.941,9.145466049
0.942,9.145420819
0.943,9.145425771
0.944,9.145434168
0.945,9.145520036
0.946,9.145394889
0.947,9.145394049
0.948,9.145412751
0.949,9.145438916
0.95,9.145394828
0.951,9.145378672
0.952,9.145336265
0.953,9.14537241
0.954,9.145364395
0.955,9.145301975
0.956,9.145412041
0.957,9.145432494
0.958,9.145402017
0.959,9.145331111
0.96,9.145245664
0.961,9.145325879
0.962,9.145381955
0.963,9.145402035
0.964,9.145267936
0.965,9.145155192
0.966,9.145261422
0.967,9.145158578
0.968,9.14534264
0.969,9.145335187
0.97,9.145302189
0.971,9.145334387
0.972,9.145312901
0.973,9.145313062
0.974,9.145205786
0.975,9.145245562
0.976,9.145202959
0.977,9.145278229
0.978,9.145203758
0.979,9.145282225
0.98,9.145335263
0.981,9.14522308
0.982,9.145326503
0.983,9.145273498
0.984,9.145346001
0.985,9.145289971
0.986,9.145186886
0.987,9.145222813
0.988,9.145120112
0.989,9.145088019
0.99,9.145033511
0.991,9.145013257
0.992,9.14506801
0.993,9.145022256
0.994,9.145038716
0.995,9.145084595
0.996,9.145165468
0.997,9.145043377
0.998,9.145139286
0.999,9.145178656
1,9.145084899
1.001,9.145026915
1.002,9.145035719
1.003,9.145018002
1.004,9.144855561
1.005,9.144987791
1.006,9.145037432
1.007,9.14494599
1.008,9.144970758
1.009,9.14498198
1.01,9.144982427
1.011,9.144858179
1.012,9.144828928
1.013,9.144915537
1.014,9.144992135
1.015,9.144840003
1.016,9.144976855
1.017,9.144797918
1.018,9.144906717
1.019,9.144873513
1.02,9.144770251
1.021,9.14481575
1.022,9.144918844
1.023,9.14490152
1.024,9.144926891
1.025,9.144918117
1.026,9.144809419
1.027,9.144858755
1.028,9.144906074
1.029,9.14478312
1.03,9.144767359
1.031,9.144812153
1.032,9.144901572
1.033,9.144793576
1.034,9.144834595
1.035,9.144946041
1.036,9.144788458
1.037,9.144889874
1.038,9.144895538
1.039,9.144865581
1.04,9.14482509
1.041,9.144764092
1.042,9.144837848
1.043,9.144706575
1.044,9.144881157
1.045,9.144872376
1.046,9.144873061
1.047,9.144816383
1.048,9.144814922
1.049,9.144875811
1.05,9.144706249
1.051,9.144797843
1.052,9.144721863
1.053,9.144678975
1.054,9.144668448
1.055,9.144730802
1.056,9.144696565
1.057,9.144720665
1.058,9.144638923
1.059,9.144643131
1.06,9.144767799
1.061,9.144466837
1.062,9.144437446
1.063,9.144537338
1.064,9.144406246
1.065,9.144488896
1.066,9.14445813
1.067,9.144440112
1.068,9.144438391
1.069,9.144480481
1.07,9.1444606
1.071,9.14452202
1.072,9.144494381
1.073,9.144335212
1.074,9.144425017
1.075,9.14450173
1.076,9.144538328
1.077,9.144466072
1.078,9.144454334
1.079,9.144495056
1.08,9.144456299
1.081,9.144277981
1.082,9.144367045
1.083,9.144440332
1.084,9.144492121
1.085,9.144395696
1.086,9.144449483
1.087,9.144242679
1.088,9.144371893
1.089,9.144426062
1.09,9.144364251
1.091,9.144373141
1.092,9.144435024
1.093,9.144379883
1.094,9.144299465
1.095,9.144318834
1.096,9.144373991
1.097,9.144232711
1.098,9.144128912
1.099,9.144329594
1.1,9.14429613
1.101,9.144143875
1.102,9.144246957
1.103,9.144093931
1.104,9.143955479
1.105,9.144015062
1.106,9.14409682
1.107,9.144139824
1.108,9.143961404
1.109,9.144078827
1.11,9.144135567
1.111,9.143990383
1.112,9.144056647
1.113,9.144158876
1.114,9.144109413
1.115,9.144073318
1.116,9.144137217
1.117,9.144044989
1.118,9.143995021
1.119,9.144018833
1.12,9.143827119
1.121,9.143943048
1.122,9.143829202
1.123,9.143808176
1.124,9.143788852
1.125,9.143934531
1.126,9.143806286
1.127,9.143846427
1.128,9.143892882
1.129,9.143881761
1.13,9.143812052
1.131,9.143844683
1.132,9.143829187
1.133,9.143778088
1.134,9.143705987
1.135,9.143820965
1.136,9.143822335
1.137,9.143711004
1.138,9.143692305
1.139,9.143809007
1.14,9.14370626
1.141,9.143591681
1.142,9.143730854
1.143,9.143561032
1.144,9.143664922
1.145,9.143721853
1.146,9.143647398
1.147,9.143574865
1.148,9.143579855
1.149,9.143615575
1.15,9.143579943
1.151,9.143522172
1.152,9.143606668
1.153,9.143539069
1.154,9.143564927
1.155,9.143631442
1.156,9.143718603
1.157,9.143439541
1.158,9.143568497
1.159,9.143591627
1.16,9.14359855
1.161,9.143542096
1.162,9.14358162
1.163,9.143543567
1.164,9.143570575
1.165,9.143633979
1.166,9.143611825
1.167,9.143524901
1.168,9.143344363
1.169,9.143401886
1.17,9.143425706
1.171,9.143434617
1.172,9.143343327
1.173,9.143428261
1.174,9.143406859
1.175,9.143250815
1.176,9.143254271
1.177,9.143256762
1.178,9.143130548
1.179,9.143174781
1.18,9.143272593
1.181,9.143235522
1.182,9.143232993
1.183,9.143137983
1.184,9.143178729
1.185,9.143148883
1.186,9.143126312
1.187,9.143146098
1.188,9.143212853
1.189,9.143206748
1.19,9.143301896
1.191,9.143168508
1.192,9.143057054
1.193,9.143276314
1.194,9.143108392
1.195,9.143281909
1.196,9.143151849
1.197,9.143225246
1.198,9.143117251
1.199,9.143139818
1.2,9.143245234
1.201,9.14318591
1.202,9.143254199
1.203,9.143161997
1.204,9.143205925
1.205,9.143139694
1.206,9.14312045
1.207,9.143046739
1.208,9.14305621
1.209,9.142999676
1.21,9.143063925
1.211,9.142854694
1.212,9.142900741
1.213,9.143002542
1.214,9.142987238
1.215,9.142843825
1.216,9.14292594
1.217,9.142797718
1.218,9.142828695
1.219,9.142892441
1.22,9.142851257
1.221,9.142923698
1.222,9.142777508
1.223,9.142790081
1.224,9.142644445
1.225,9.142740239
1.226,9.142705277
1.227,9.142750355
1.228,9.142682624
1.229,9.142775457
1.23,9.142692419
1.231,9.142726685
1.232,9.142716901
1.233,9.142634209
1.234,9.142656259
1.235,9.142720503
1.236,9.142709012
1.237,9.142640737
1.238,9.142576849
1.239,9.14248857
1.24,9.142522334
1.241,9.142654404
1.242,9.142600537
1.243,9.142537294
1.244,9.142563421
1.245,9.142503677
1.246,9.142518111
1.247,9.142550794
1.248,9.14255532
1.249,9.142593161
1.25,9.142594747
1.251,9.142585443
1.252,9.142352457
1.253,9.142529851
1.254,9.14251955
1.255,9.142528088
1.256,9.142614835
1.257,9.142560349
1.258,9.142543954
1.259,9.142487539
1.26,9.142496439
1.261,9.142411903
1.262,9.142463677
1.263,9.142429328
1.264,9.142457799
1.265,9.142580862
1.266,9.142533944
1.267,9.142551247
1.268,9.14248985
1.269,9.142440656
1.27,9.142453271
1.271,9.142499981
1.272,9.142354071
1.273,9.142421147
1.274,9.142401991
1.275,9.142422296
1.276,9.142230552
1.277,9.142267616
1.278,9.142197272
1.279,9.142278153
1.28,9.142456308
1.281,9.142369728
1.282,9.142291481
1.283,9.142384729
1.284,9.142326976
1.285,9.142283592
1.286,9.142361558
1.287,9.142300115
1.288,9.142329835
1.289,9.142137003
1.29,9.142334652
1.291,9.142307893
1.292,9.142252657
1.293,9.142184748
1.294,9.142285188
1.295,9.142252571
1.296,9.142326486
1.297,9.142231611
1.298,9.142312862
1.299,9.142329718
1.3,9.142162853
1.301,9.142139036
1.302,9.142116176
1.303,9.142153413
1.304,9.142007327
1.305,9.14208894
1.306,9.142114053
1.307,9.142045209
1.308,9.142064058
1.309,9.142067124
1.31,9.142037609
1.311,9.142125205
1.312,9.141965133
1.313,9.141980784
1.314,9.142089003
1.315,9.142020911
1.316,9.142085003
1.317,9.142080091
1.318,9.142003188
1.319,9.141945616
1.32,9.142058575
1.321,9.141929852
1.322,9.141884412
1.323,9.141946806
1.324,9.141992403
1.325,9.142023538
1.326,9.14195472
1.327,9.141878083
1.328,9.141943517
1.329,9.141924945
1.33,9.142003784
1.331,9.141969787
1.332,9.142009925
1.333,9.141920426
1.334,9.141914219
1.335,9.141848143
1.336,9.141762013
1.337,9.141811167
1.338,9.141850685
1.339,9.14183657
1.34,9.141768876
1.341,9.141720507
1.342,9.141865219
1.343,9.141734138
1.344,9.14168202
1.346,9.141765422
1.347,9.141727319
1.348,9.141720925
1.349,9.14160254
1.35,9.141647209
1.351,9.141601091
1.352,9.141736138
1.353,9.141691068
1.354,9.141619415
1.355,9.14167098
1.356,9.141683332
1.357,9.14163347
1.358,9.141621434
1.359,9.141612444
1.36,9.141687019
1.361,9.14158504
1.362,9.14164846
1.363,9.141476456
1.364,9.141626529
1.365,9.141643564
1.366,9.14163285
1.367,9.141660992
1.368,9.141600924
1.369,9.141613947
1.37,9.141658805
1.371,9.14165972
1.372,9.14168676
1.373,9.14159693
1.374,9.141553115
1.375,9.141601018
1.376,9.141498443
1.377,9.141568171
1.378,9.141466272
1.379,9.141426416
1.38,9.141526837
1.381,9.141542468
1.382,9.141448834
1.383,9.141469696
1.384,9.141493875
1.385,9.141469819
1.386,9.141428513
1.387,9.141510384
1.388,9.141446774
1.389,9.141426689
1.39,9.141419714
1.391,9.141376535
1.392,9.141343932
1.393,9.141351206
1.394,9.141340146
1.395,9.141379282
1.396,9.141324581
1.397,9.141444387
1.398,9.141238931
1.399,9.14126544
1.4,9.141288971
1.401,9.141278958
1.402,9.141252105
1.403,9.14120878
1.404,9.141177451
1.405,9.14119642
1.406,9.141114028
1.407,9.14117434
1.408,9.141154748
1.409,9.141051922
1.41,9.141069063
1.411,9.140997527
1.412,9.141123195
1.413,9.14108618
1.414,9.14122068
1.415,9.141263525
1.416,9.141068125
1.417,9.141099985
1.418,9.141215758
1.419,9.140954227
1.42,9.141057642
1.421,9.140984414
1.422,9.141054328
1.423,9.141109503
1.424,9.141168543
1.425,9.141108312
1.426,9.141183761
1.427,9.141209427
1.428,9.141132854
1.429,9.141124472
1.43,9.141007267
1.431,9.141021754
1.432,9.141073821
1.433,9.141017661
1.434,9.141016534
1.435,9.141034711
1.436,9.140969426
1.437,9.141030399
1.438,9.140973007
1.439,9.141018015
1.44,9.140931318
1.441,9.140987964
1.442,9.14109469
1.443,9.140943921
1.444,9.140957182
1.445,9.140941953
1.446,9.140902047
1.447,9.140960128
1.448,9.141048254
1.449,9.140861441
1.45,9.140862693
1.451,9.140915956
1.452,9.140956142
1.453,9.140830138
1.454,9.140948354
1.455,9.140913965
1.456,9.140840484
1.457,9.140898559
1.458,9.140868597
1.459,9.140877055
1.46,9.14088124
1.461,9.140832087
1.462,9.140814107
1.463,9.140925017
1.464,9.140914519
1.465,9.140881861
1.466,9.140904039
1.467,9.140878975
1.468,9.140825678
1.469,9.140864278
1.47,9.140802458
1.471,9.140933654
1.472,9.140880771
1.473,9.140788669
1.474,9.140843998
1.475,9.140900582
1.476,9.140813026
1.477,9.140757874
1.478,9.140831252
1.479,9.140855493
1.48,9.140768162
1.481,9.140735485
1.482,9.140857908
1.483,9.140759268
1.484,9.140761348
1.485,9.140807904
1.486,9.140684982
1.487,9.140706376
1.488,9.140665889
1.489,9.14068481
1.49,9.140663242
1.491,9.140757801
1.492,9.140640636
1.493,9.140754874
1.494,9.140701534
1.495,9.140609852
1.496,9.140631364
1.497,9.140627693
1.498,9.140706788
1.499,9.14060907
1.5,9.140629071
1.501,9.140586267
1.502,9.140548849
1.503,9.140611228
1.504,9.140550024
1.505,9.14058101
1.506,9.140534169
1.507,9.1405037
1.508,9.140442989
1.509,9.140424702
1.51,9.140544175
1.511,9.140435768
1.512,9.140438496
1.513,9.140517181
1.514,9.140484461
1.515,9.140386491
1.516,9.140379611
1.517,9.140413532
1.518,9.140504685
1.519,9.140419493
1.52,9.140341363
1.521,9.140509971
1.522,9.140490123
1.523,9.140511032
1.524,9.140370272
1.525,9.140506106
1.526,9.140323798
1.527,9.14038517
1.528,9.140411094
1.53,9.140400718
1.531,9.140230286
1.532,9.140189111
1.533,9.140358961
1.534,9.140292189
1.535,9.140305126
1.536,9.140241345
1.537,9.140340472
1.538,9.140343294
1.539,9.140407829
1.54,9.140248153
1.541,9.140368114
1.542,9.140330239
1.543,9.140291696
1.544,9.140308526
1.545,9.140274218
1.546,9.14037846
1.547,9.140214064
1.548,9.140310213
1.549,9.140330119
1.55,9.140213716
1.551,9.140257147
1.552,9.14024997
1.553,9.140118083
1.554,9.140076593
1.555,9.140056502
1.556,9.139960827
1.557,9.140050139
1.558,9.140043465
1.559,9.140014565
1.56,9.139959541
1.561,9.139970525
1.562,9.140003161
1.563,9.140003016
1.564,9.139936752
1.565,9.139973724
1.566,9.140016164
1.567,9.139953834
1.568,9.139945183
1.569,9.139997892
1.57,9.140009601
1.571,9.1399961
1.572,9.140038043
1.573,9.140033376
1.574,9.140011355
1.575,9.140079685
1.576,9.140005694
1.577,9.140015197
1.578,9.139899592
1.579,9.139987917
1.58,9.139938261
1.581,9.139899278
1.582,9.139943947
1.583,9.139940639
1.584,9.139954465
1.585,9.139863764
1.586,9.139856836
1.587,9.13988518
1.588,9.139865319
1.589,9.139945467
1.59,9.139804828
1.591,9.139770428
1.592,9.139869556
1.593,9.139825532
1.594,9.1398473
1.595,9.139782659
1.596,9.139897225
1.598,9.139840168
1.599,9.139774279
1.6,9.139813035
1.601,9.139783425
1.602,9.139893509
1.603,9.139766209
1.604,9.139814305
1.605,9.139817158
1.606,9.13983264
1.607,9.139707952
1.608,9.139786838
1.609,9.139780175
1.61,9.139809936
1.611,9.139707452
1.612,9.139735335
1.613,9.139839411
1.614,9.139744251
1.615,9.1397041
1.616,9.139728899
1.617,9.139879316
1.618,9.139744285
1.619,9.13972699
1.62,9.139731671
1.621,9.139645681
1.622,9.139827257
1.623,9.139835453
1.624,9.139807279
1.625,9.139775032
1.626,9.13972402
1.627,9.139847765
1.628,9.139638137
1.629,9.139693044
1.63,9.139665048
1.631,9.139602305
1.632,9.139554003
1.633,9.13964934
1.634,9.139598594
1.635,9.139591051
1.636,9.139531285
1.637,9.139508284
1.638,9.139630421
1.639,9.139609316
1.64,9.139641601
1.641,9.139550403
1.642,9.139595899
1.643,9.139545306
1.644,9.139553554
1.645,9.139621132
1.646,9.139690388
1.647,9.139684744
1.648,9.139600782
1.649,9.139597118
1.65,9.13964323
1.651,9.139510366
1.652,9.139497078
1.653,9.139483773
1.654,9.139440055
1.655,9.139469472
1.656,9.139601246
1.657,9.13958124
1.658,9.139463971
1.659,9.139549788
1.66,9.139535455
1.661,9.139442686
1.662,9.139449613
1.663,9.139473718
1.664,9.139461492
1.665,9.139478819
1.666,9.13941558
1.667,9.139379553
1.668,9.13946019
1.669,9.139391495
1.67,9.13939557
1.671,9.139339305
1.672,9.139424465
1.673,9.139368855
1.674,9.139398428
1.675,9.13927846
1.676,9.13937152
1.677,9.139420684
1.678,9.139410505
1.679,9.139420982
1.68,9.139386645
1.681,9.1393649
1.682,9.139388593
1.683,9.139377087
1.684,9.139337841
1.685,9.139309592
1.686,9.139377363
1.687,9.139386411
1.688,9.139369325
1.689,9.139215766
1.69,9.139298686
1.691,9.139262499
1.692,9.139280341
1.693,9.139135031
1.694,9.139188975
1.695,9.139142858
1.696,9.139177961
1.697,9.139095191
1.698,9.139050802
1.699,9.13920098
1.7,9.139200839
1.701,9.139238445
1.702,9.139106902
1.703,9.139088533
1.704,9.139030211
1.705,9.139073616
1.706,9.139163534
1.707,9.139134345
1.708,9.139074296
1.709,9.13914305
1.71,9.139283052
1.711,9.139079403
1.712,9.139102708
1.713,9.139232059
1.714,9.13910375
1.715,9.139111423
1.716,9.139055113
1.717,9.139025087
1.718,9.139038808
1.719,9.139082127
1.72,9.139035277
1.721,9.139088622
1.722,9.139080131
1.723,9.138968894
1.724,9.139107733
1.725,9.1389874
1.726,9.139057586
1.727,9.138895892
1.728,9.13887284
1.729,9.138878122
1.73,9.138858135
1.731,9.139014518
1.732,9.138918234
1.733,9.138849235
1.734,9.138907951
1.735,9.13892355
1.736,9.138914292
1.738,9.139043169
1.739,9.138826344
1.74,9.138911232
1.741,9.138888655
1.742,9.138917518
1.743,9.138955088
1.744,9.138858684
1.745,9.13884016
1.746,9.138804634
1.747,9.138779995
1.748,9.138775328
1.749,9.138886638
1.75,9.138753321
1.751,9.138779503
1.752,9.138790692
1.753,9.138864338
1.754,9.138809225
1.755,9.138790701
1.756,9.138739625
1.757,9.138732637
1.758,9.138700661
1.759,9.138799883
1.76,9.138836912
1.761,9.138763158
1.762,9.138852727
1.763,9.138782767
1.764,9.138821412
1.765,9.138873764
1.766,9.138874215
1.767,9.138739348
1.768,9.138632236
1.769,9.13877819
1.77,9.138767633
1.771,9.138719224
1.772,9.138740125
1.773,9.138753172
1.774,9.13874761
1.775,9.138767893
1.776,9.138831476
1.777,9.138693974
1.778,9.138705338
1.779,9.138596537
1.78,9.138490503
1.781,9.138528684
1.782,9.138580005
1.783,9.138516246
1.784,9.138555081
1.785,9.138613216
1.786,9.138597143
1.787,9.138614933
1.788,9.138697394
1.789,9.1386166
1.79,9.13849935
1.791,9.138577824
1.792,9.13863186
1.793,9.138538424
1.794,9.138460018
1.795,9.138537105
1.796,9.138637156
1.797,9.138578129
1.798,9.138568696
1.799,9.138658609
1.8,9.138520148
1.801,9.138530953
1.802,9.138482817
1.803,9.138584139
1.804,9.138581585
1.805,9.138514864
1.806,9.13845302
1.807,9.138502625
1.808,9.138447996
1.809,9.13846444
1.81,9.138376621
1.811,9.13848869
1.812,9.138315776
1.813,9.138270228
1.814,9.138294653
1.815,9.138270741
1.818,9.138323878
1.819,9.138306347
1.82,9.138320538
1.821,9.138341448
1.822,9.138195964
1.823,9.138229227
1.824,9.138213976
1.825,9.138204585
1.826,9.138225431
1.827,9.138310761
1.828,9.138355574
1.829,9.138256903
1.83,9.13829907
1.831,9.138392624
1.832,9.138231371
1.833,9.138252666
1.834,9.138224743
1.835,9.138215978
1.836,9.138341685
1.837,9.138186877
1.838,9.138201828
1.839,9.138205875
1.84,9.138224524
1.841,9.138003638
1.842,9.138132862
1.843,9.138121595
1.844,9.138056609
1.845,9.138054063
1.846,9.13811244
1.847,9.138091119
1.848,9.138137489
1.849,9.138107543
1.85,9.138027148
1.851,9.138030671
1.852,9.138049267
1.853,9.13802468
1.854,9.137989627
1.855,9.138229303
1.856,9.138056727
1.857,9.138115857
1.858,9.138165309
1.859,9.138123683
1.86,9.138153354
1.861,9.137949978
1.862,9.138088167
1.863,9.13816893
1.864,9.138061136
1.865,9.138006744
1.866,9.137978824
1.867,9.1379418
1.868,9.137984013
1.869,9.137971306
1.87,9.138004074
1.871,9.13810825
1.872,9.13784553
1.873,9.137923341
1.874,9.137882565
1.875,9.137949157
1.876,9.137900551
1.877,9.137846819
1.878,9.137868305
1.879,9.137909856
1.88,9.137914761
1.881,9.137870819
1.882,9.13794943
1.883,9.137829549
1.884,9.137786019
1.885,9.137766907
1.886,9.137804618
1.887,9.137970488
1.888,9.137948922
1.889,9.137840755
1.89,9.137839336
1.891,9.137934816
1.892,9.137872487
1.893,9.13773811
1.894,9.137842419
1.895,9.137831518
1.896,9.137868681
1.897,9.137749616
1.898,9.137683497
1.899,9.137721198
1.9,9.137761214
1.901,9.137892426
1.902,9.137685349
1.903,9.137749935
1.904,9.137801722
1.905,9.137726708
1.906,9.137765475
1.907,9.137731197
1.908,9.137647479
1.909,9.137708358
1.91,9.137754296
1.911,9.137775797
1.912,9.137686325
1.913,9.137724649
1.914,9.137786521
1.915,9.137688095
1.916,9.137704851
1.917,9.13777295
1.918,9.137654052
1.919,9.137527101
1.92,9.137862554
1.921,9.137626975
1.922,9.137620315
1.923,9.137601917
1.924,9.137560559
1.925,9.13756266
1.926,9.137597325
1.927,9.137535155
1.928,9.137513913
1.929,9.137583937
1.93,9.137522612
1.931,9.137451102
1.932,9.13758137
1.933,9.13750319
1.934,9.137486275
1.935,9.137647257
1.936,9.137552322
1.937,9.137467878
1.938,9.137500148
1.939,9.137510196
1.94,9.137486301
1.941,9.137526547
1.942,9.137670255
1.943,9.13748799
1.944,9.137454579
1.945,9.137503002
1.946,9.137557989
1.947,9.137477348
1.948,9.13749988
1.949,9.137407401
1.95,9.137363197
1.951,9.137437721
1.952,9.137429046
1.953,9.137379098
1.954,9.137347624
1.955,9.137374561
1.956,9.137426996
1.957,9.137423379
1.958,9.137246796
1.959,9.137308983
1.96,9.137273918
1.961,9.137290006
1.962,9.137313981
1.963,9.137256381
1.964,9.137319865
1.965,9.1372641
1.966,9.137232967
1.967,9.137261409
1.968,9.137194352
1.969,9.137190136
1.97,9.13734113
1.971,9.137400964
1.972,9.137284514
1.973,9.137250222
1.974,9.137278764
1.975,9.137315795
1.976,9.137304988
1.977,9.137350112
1.978,9.137229736
1.979,9.137080906
1.98,9.137108766
1.981,9.137129955
1.982,9.137193843
1.983,9.137141887
1.984,9.137129316
1.985,9.13717645
1.986,9.137202573
1.987,9.137065619
1.988,9.1370641
1.989,9.137126826
1.99,9.13698736
1.991,9.136985689
1.992,9.136965468
1.993,9.136939235
1.994,9.137084312
1.995,9.136949109
1.996,9.137018019
1.997,9.136967218
1.998,9.137083966
1.999,9.136999835
2,9.137010291
2.001,9.13702137
2.002,9.137026939
2.003,9.136881583
2.004,9.136963897
2.005,9.136969268
2.006,9.13690135
2.007,9.137018686
2.008,9.136880148
2.009,9.136973758
2.01,9.136956761
2.011,9.136952429
2.012,9.136890713
2.013,9.136866251
2.014,9.136804853
2.015,9.136787578
2.016,9.136841567
2.017,9.136839361
2.018,9.136824723
2.019,9.136708093
2.02,9.136840693
2.021,9.136839094
2.022,9.136940093
2.023,9.136866449
2.024,9.136724179
2.025,9.136801888
2.026,9.136809009
2.027,9.136805107
2.028,9.136735607
2.029,9.136751735
2.03,9.136750254
2.031,9.136754327
2.032,9.136691619
2.033,9.13672387
2.034,9.13671657
2.035,9.136804263
2.036,9.136884038
2.037,9.136809615
2.038,9.136866817
2.039,9.136846141
2.04,9.136752447
2.041,9.136757121
2.042,9.136701278
2.043,9.136641154
2.044,9.136593329
2.045,9.136795287
2.046,9.136641642
2.047,9.136490068
2.048,9.136647722
2.049,9.136680185
2.05,9.136620855
2.051,9.136579574
2.052,9.136549935
2.053,9.136552644
2.054,9.13647287
2.055,9.136645058
2.056,9.136548029
2.057,9.13658239
2.058,9.136480825
2.059,9.136607975
2.06,9.136520011
2.061,9.136600322
2.062,9.136446769
2.063,9.136614543
2.064,9.136562242
2.065,9.136481421
2.066,9.136639868
2.067,9.136494817
2.068,9.136444078
2.069,9.136477692
2.07,9.136402121
2.071,9.136484373
2.072,9.136562863
2.073,9.136435068
2.074,9.136384407
2.075,9.136552938
2.076,9.136469308
2.077,9.13643746
2.078,9.136511847
2.079,9.136422144
2.08,9.136502103
2.081,9.136413799
2.082,9.136440461
2.083,9.136436027
2.084,9.136469056
2.085,9.136429748
2.086,9.136431152
2.087,9.136358569
2.088,9.136371724
2.089,9.136442334
2.09,9.136360803
2.091,9.136525774
2.092,9.136223577
2.093,9.136413362
2.094,9.136383208
2.095,9.1363972
2.096,9.136464724
2.097,9.136445579
2.098,9.136503347
2.099,9.136365716
2.1,9.136349591
2.101,9.136364828
2.102,9.136531914
2.103,9.136254222
2.104,9.136417663
2.105,9.13638411
2.106,9.13645125
2.107,9.136333757
2.108,9.136437203
2.109,9.136295364
2.11,9.136314549
2.111,9.136348198
2.112,9.136391381
2.113,9.136273361
2.114,9.136317561
2.115,9.13644066
2.116,9.1363058
2.117,9.136279881
2.118,9.136274894
2.119,9.13628341
2.12,9.136278204
2.121,9.13618157
2.122,9.13617604
2.123,9.136161234
2.124,9.136131995
2.125,9.136097535
2.126,9.136081524
2.127,9.136129024
2.128,9.136185514
2.129,9.136114448
2.13,9.136051633
2.131,9.136072195
2.132,9.136198062
2.133,9.136041152
2.134,9.136129983
2.135,9.135963384
2.136,9.135997938
2.137,9.136061224
2.138,9.136044649
2.139,9.13599002
2.14,9.136117547
2.141,9.135991809
2.142,9.136002009
2.143,9.135920127
2.144,9.136017843
2.145,9.136038655
2.146,9.135952378
2.147,9.135864426
2.148,9.136025742
2.149,9.13617596
2.15,9.13599575
2.151,9.136046851
2.152,9.135948379
2.153,9.136086312
2.154,9.136119107
2.155,9.13599111
2.156,9.135942316
2.157,9.135994475
2.158,9.135996624
2.159,9.135942538
2.16,9.135859071
2.161,9.135947274
2.162,9.13587489
2.163,9.135974602
2.164,9.135787145
2.165,9.135790733
2.166,9.135886703
2.167,9.135958891
2.168,9.135902876
2.169,9.135911384
2.17,9.135820745
2.171,9.135881891
2.172,9.135826037
2.173,9.135740097
2.174,9.135888635
2.175,9.135721232
2.176,9.135767744
2.177,9.135828641
2.178,9.135744366
2.179,9.135780326
2.18,9.135844559
2.181,9.135702775
2.182,9.135804267
2.183,9.135715862
2.184,9.135862633
2.185,9.135745741
2.186,9.135787666
2.187,9.135688555
2.188,9.135757052
2.189,9.135813695
2.19,9.135792829
2.191,9.135669181
2.192,9.135626735
2.193,9.13554456
2.194,9.135672191
2.195,9.135521078
2.196,9.135737096
2.197,9.135692212
2.198,9.13568583
2.199,9.135639221
2.2,9.135687161
2.201,9.135664325
2.202,9.135667309
2.203,9.135616008
2.204,9.135487951
2.205,9.135675506
2.206,9.135656582
2.207,9.13565957
2.208,9.135568482
2.209,9.135498261
2.21,9.135631948
2.211,9.135598705
2.212,9.135397808
2.213,9.135354407
2.214,9.135500355
2.215,9.135444169
2.216,9.135426127
2.217,9.135436839
2.218,9.135405025
2.219,9.135604431
2.22,9.135346463
2.221,9.135376219
2.222,9.135375243
2.223,9.135441771
2.224,9.135282811
2.225,9.135348686
2.226,9.135294007
2.227,9.135224063
2.228,9.135390869
2.229,9.135337766
2.23,9.135227347
2.231,9.135304233
2.232,9.135315612
2.233,9.135206337
2.234,9.135192774
2.235,9.135184113
2.236,9.13527627
2.237,9.135231852
2.238,9.135082361
2.239,9.135158052
2.24,9.135032274
2.241,9.135146029
2.242,9.135236388
2.243,9.135184023
2.244,9.135062575
2.245,9.135118353
2.246,9.135139837
2.247,9.134989148
2.248,9.134996022
2.249,9.13496104
2.25,9.134946158
2.251,9.134991381
2.252,9.135079412
2.253,9.135076853
2.254,9.135021031
2.255,9.13505616
2.256,9.135068741
2.257,9.135055777
2.258,9.134950312
2.259,9.135015559
2.26,9.135039071
2.262,9.134986598
2.263,9.134986416
2.264,9.134987084
2.265,9.135042657
2.266,9.134986638
2.267,9.134775057
2.268,9.134875313
2.269,9.134897264
2.27,9.135004466
2.271,9.13493715
2.272,9.134950358
2.273,9.134953265
2.274,9.134816416
2.275,9.134952788
2.276,9.134862734
2.277,9.134805396
2.278,9.134702835
2.279,9.134756614
2.28,9.134838617
2.281,9.134813056
2.282,9.134849926
2.283,9.134850418
2.284,9.13482602
2.285,9.134825319
2.286,9.134788544
2.287,9.134822418
2.288,9.134749836
2.289,9.134764742
2.29,9.134768956
2.291,9.134805978
2.292,9.134701498
2.293,9.134640734
2.294,9.134731175
2.295,9.134638745
2.296,9.134670328
2.297,9.13462083
2.298,9.134673131
2.299,9.13477804
2.3,9.134567914
2.301,9.134712899
2.302,9.134607939
2.303,9.1346953
2.304,9.134574296
2.305,9.134593096
2.306,9.134596147
2.307,9.134695054
2.308,9.134596361
2.309,9.134510697
2.31,9.134618957
2.311,9.134597922
2.312,9.134511124
2.313,9.134655552
2.314,9.134683459
2.315,9.134560021
2.316,9.13457315
2.317,9.134515475
2.318,9.134683831
2.319,9.134548857
2.32,9.134687784
2.321,9.134519942
2.322,9.134523382
2.323,9.134488905
2.324,9.134428336
2.325,9.13453066
2.326,9.134408289
2.327,9.134330087
2.328,9.134415323
2.329,9.134457625
2.33,9.134478666
2.331,9.134460816
2.332,9.134474919
2.333,9.134461645
2.334,9.134499243
2.335,9.134549126
2.336,9.134452014
2.337,9.13453619
2.338,9.134412528
2.339,9.134524117
2.34,9.134361916
2.341,9.134279104
2.342,9.134389949
2.343,9.134423534
2.344,9.134428433
2.345,9.134500701
2.346,9.134396633
2.347,9.134373121
2.348,9.134255607
2.349,9.134364159
2.35,9.134363952
2.351,9.134328071
2.352,9.134310455
2.353,9.134265706
2.354,9.134413476
2.355,9.134276535
2.356,9.134362554
2.357,9.134180421
2.358,9.134129849
2.359,9.134263611
2.36,9.134172675
2.361,9.134343726
2.362,9.134196082
2.363,9.134217587
2.364,9.133990087
2.365,9.134168632
2.366,9.134203446
2.367,9.134196985
2.368,9.134167484
2.369,9.134117945
2.37,9.134164745
2.371,9.134107016
2.372,9.134161635
2.373,9.134030804
2.374,9.13411015
2.375,9.134081073
2.376,9.134122561
2.377,9.134162691
2.378,9.133973831
2.379,9.134109507
2.38,9.133991641
2.381,9.134055294
2.382,9.134066329
2.383,9.133997772
2.384,9.134091597
2.385,9.134035338
2.386,9.134177557
2.387,9.134138554
2.388,9.13416309
2.389,9.134038175
2.39,9.133999822
2.391,9.134088696
2.392,9.134080335
2.393,9.134024677
2.394,9.133863644
2.395,9.13406653
2.396,9.134038872
2.397,9.133952542
2.398,9.133889636
2.399,9.133920333
2.4,9.13391482
2.401,9.133877428
2.402,9.133945831
2.403,9.133846697
2.404,9.133858308
2.405,9.133927591
2.406,9.133940942
2.407,9.133843803
2.408,9.133898392
2.409,9.133910722
2.41,9.133834178
2.411,9.13374036
2.412,9.133729614
2.413,9.133908009
2.414,9.133809099
2.415,9.133807574
2.416,9.133872286
2.417,9.133769558
2.418,9.133873831
2.419,9.133826377
2.42,9.133653172
2.421,9.133722479
2.422,9.133737136
2.423,9.133712633
2.424,9.133745438
2.425,9.133636071
2.426,9.133780201
2.427,9.133714612
2.428,9.133662557
2.429,9.13354946
2.43,9.133758094
2.431,9.133717961
2.432,9.133810456
2.433,9.133636405
2.434,9.133702386
2.435,9.133695428
2.436,9.13372418
2.437,9.133617217
2.438,9.133713227
2.439,9.133578036
2.44,9.133666702
2.441,9.13363624
2.442,9.13352582
2.443,9.133693909
2.444,9.133568388
2.445,9.133639186
2.446,9.133646914
2.447,9.133595803
2.448,9.13367256
2.449,9.133567599
2.45,9.133531848
2.451,9.133585145
2.452,9.133504905
2.453,9.133585924
2.454,9.133562867
2.455,9.133594113
2.456,9.133508824
2.457,9.133512857
2.458,9.133431189
2.459,9.133353186
2.46,9.133451339
2.461,9.133534516
2.462,9.133571652
2.463,9.133499046
2.464,9.13340436
2.465,9.133480103
2.466,9.133559615
2.467,9.133450144
2.468,9.133486055
2.469,9.133400989
2.47,9.133528912
2.471,9.133484246
2.472,9.133405662
2.473,9.133410975
2.474,9.13344418
2.475,9.133414397
2.476,9.133390317
2.477,9.133453813
2.478,9.133332813
2.479,9.133331111
2.48,9.133353144
2.481,9.133309918
2.482,9.133355961
2.483,9.133242028
2.484,9.133261748
2.485,9.13335612
2.486,9.1333672
2.487,9.133356982
2.488,9.133361529
2.489,9.133294206
2.49,9.13329885
2.491,9.133231936
2.492,9.133250498
2.493,9.133156587
2.494,9.133206874
2.495,9.133202068
2.496,9.133107827
2.497,9.133215846
2.498,9.133204696
2.499,9.133209768
2.5,9.133279176
2.501,9.133152876
2.502,9.133165268
2.503,9.133195976
2.504,9.133163331
2.505,9.133201774
2.506,9.133153835
2.507,9.133216956
2.508,9.13299181
2.509,9.133087312
2.51,9.133093239
2.511,9.133064908
2.512,9.133224999
2.513,9.133137455
2.514,9.133041878
2.515,9.133170436
2.516,9.13303428
2.517,9.133052117
2.518,9.133135147
2.519,9.132989853
2.52,9.132971663
2.521,9.133108999
2.522,9.132900003
2.523,9.133033493
2.524,9.133095456
2.525,9.13296538
2.526,9.133024025
2.527,9.132895287
2.528,9.132886873
2.529,9.132938262
2.53,9.132827237
2.531,9.132802632
2.532,9.132874681
2.533,9.132910708
2.534,9.132836041
2.535,9.132828461
2.536,9.132932484
2.537,9.133001537
2.538,9.132948987
2.539,9.132942828
2.54,9.132866517
2.541,9.132941756
2.542,9.132918166
2.543,9.132981403
2.544,9.132845974
2.545,9.132915342
2.546,9.132901642
2.547,9.132711767
2.548,9.132887298
2.549,9.132950551
2.55,9.132959875
2.551,9.132958286
2.552,9.132846595
2.553,9.132741277
2.554,9.132808601
2.555,9.132765147
2.556,9.13280652
2.557,9.132748368
2.558,9.132782935
2.559,9.132762246
2.56,9.132759813
2.561,9.132745985
2.562,9.132694729
2.563,9.132852029
2.564,9.132718763
2.565,9.132749056
2.566,9.132780943
2.567,9.132662149
2.568,9.132720586
2.569,9.132676917
2.57,9.132708423
2.571,9.132608262
2.572,9.13257997
2.573,9.132509566
2.574,9.132631524
2.575,9.132470289
2.576,9.13248341
2.577,9.132646244
2.578,9.132576405
2.579,9.132524602
2.58,9.132567719
2.581,9.132510618
2.582,9.132509593
2.583,9.132572965
2.584,9.132553566
2.585,9.132600731
2.586,9.132575661
2.587,9.132514826
2.588,9.132531997
2.589,9.132452827
2.59,9.132561527
2.591,9.132461379
2.592,9.13247619
2.593,9.132460416
2.594,9.13245851
2.595,9.13239294
2.596,9.132446635
2.597,9.132426184
2.598,9.132413403
2.599,9.132355305
2.6,9.132432851
2.601,9.132323195
2.602,9.132397857
2.603,9.13228365
2.604,9.132232929
2.605,9.132391646
2.606,9.13237839
2.607,9.132387677
2.608,9.132292798
2.609,9.132293465
2.61,9.132267419
2.611,9.132391154
2.612,9.132180391
2.613,9.132357138
2.614,9.132361447
2.615,9.132321568
2.616,9.13233666
2.617,9.132164375
2.618,9.132274004
2.619,9.132313579
2.62,9.132307621
2.621,9.132334535
2.622,9.132278547
2.623,9.132240258
2.624,9.132193361
2.625,9.132239435
2.626,9.132273959
2.627,9.132219832
2.628,9.132244377
2.629,9.132187339
2.63,9.132225223
2.631,9.13221679
2.632,9.132189788
2.633,9.132196045
2.634,9.132289145
2.635,9.132318544
2.636,9.132188091
2.637,9.132353577
2.638,9.132128192
2.639,9.132120029
2.64,9.132246737
2.641,9.132135227
2.642,9.132047121
2.643,9.132168629
2.644,9.13209236
2.645,9.132052625
2.646,9.13199293
2.647,9.132046895
2.648,9.132090831
2.649,9.132019809
2.65,9.132090786
2.651,9.132125821
2.652,9.132045096
2.653,9.131953571
2.654,9.131939331
2.655,9.132031123
2.656,9.131993235
2.657,9.131890117
2.658,9.131981655
2.659,9.131985229
2.66,9.131861364
2.661,9.131880642
2.662,9.1320566
2.663,9.131990842
2.664,9.131946463
2.665,9.132113689
2.666,9.132069059
2.667,9.132030022
2.668,9.131991608
2.669,9.131935955
2.67,9.131922503
2.671,9.131946592
2.672,9.13194146
2.673,9.131784197
2.674,9.131832187
2.675,9.13173103
2.676,9.131817763
2.677,9.131981178
2.678,9.131862142
2.679,9.131853941
2.68,9.131820362
2.681,9.131842048
2.682,9.13175909
2.683,9.131790944
2.684,9.131826025
2.685,9.131729979
2.686,9.131654254
2.687,9.131735482
2.688,9.131704846
2.689,9.131797218
2.69,9.131807764
2.691,9.131871651
2.692,9.131750429
2.693,9.131754149
2.694,9.131856885
2.695,9.1317688
2.696,9.131805909
2.697,9.131804459
2.698,9.131809903
2.699,9.131773273
2.7,9.131663737
2.701,9.131701494
2.702,9.13166908
2.703,9.131585486
2.704,9.131546326
2.706,9.13162716
2.707,9.131688578
2.708,9.131670166
2.709,9.131603376
2.71,9.131706974
2.711,9.131652014
2.712,9.131617375
2.713,9.13161743
2.714,9.13160078
2.715,9.131522634
2.716,9.131624963
2.717,9.131593225
2.718,9.131649551
2.719,9.131632521
2.72,9.131579929
2.721,9.131565244
2.722,9.131573898
2.723,9.131560744
2.724,9.131552186
2.725,9.131489507
2.726,9.13146058
2.727,9.131407696
2.728,9.131562638
2.729,9.131475202
2.73,9.131528841
2.731,9.131522422
2.732,9.131421665
2.733,9.131476533
2.734,9.131540792
2.735,9.131379161
2.736,9.131431038
2.737,9.131352549
2.738,9.131428025
2.739,9.131506116
2.74,9.131557668
2.741,9.131363481
2.742,9.131477863
2.743,9.131461451
2.744,9.131437536
2.745,9.131448697
2.746,9.131516746
2.747,9.131436202
2.748,9.131342647
2.749,9.131265844
2.75,9.131399437
2.751,9.131369763
2.752,9.131291268
2.753,9.131321552
2.754,9.131269278
2.755,9.131252485
2.756,9.131350668
2.757,9.131175201
2.758,9.131292258
2.759,9.131250396
2.76,9.131263204
2.761,9.131277284
2.762,9.131317473
2.763,9.131203168
2.764,9.13123957
2.765,9.131221286
2.766,9.131140171
2.767,9.131272419
2.768,9.13121158
2.769,9.131343421
2.77,9.131230408
2.771,9.131339789
2.772,9.131122994
2.773,9.131117742
2.774,9.131259871
2.775,9.131122911
2.776,9.131233267
2.777,9.131196152
2.778,9.131197989
2.779,9.13108713
2.78,9.131055957
2.781,9.131099777
2.782,9.13103159
2.783,9.131096909
2.784,9.131207981
2.785,9.131156203
2.786,9.131147208
2.787,9.131088353
2.788,9.131144565
2.789,9.131085503
2.79,9.131035533
2.791,9.131037126
2.792,9.130971912
2.793,9.131017848
2.794,9.130951618
2.795,9.130877849
2.796,9.130987138
2.797,9.130957469
2.798,9.130907285
2.799,9.130859188
2.8,9.130883462
2.801,9.130950884
2.802,9.13086206
2.803,9.130958297
2.804,9.130955769
2.805,9.130944804
2.806,9.130917648
2.807,9.130842766
2.808,9.130863503
2.809,9.130827677
2.81,9.130877324
2.811,9.130774767
2.812,9.130921692
2.813,9.130871521
2.814,9.130887033
2.815,9.130943755
2.816,9.130849457
2.817,9.130855499
2.818,9.130783027
2.819,9.130911978
2.82,9.130905515
2.821,9.130813701
2.822,9.130834321
2.823,9.130855778
2.824,9.130761025
2.825,9.130736139
2.826,9.130744604
2.827,9.130714389
2.828,9.130646284
2.829,9.130733004
2.83,9.130624718
2.831,9.130701022
2.832,9.130792869
2.833,9.130676668
2.834,9.130710708
2.835,9.130613448
2.836,9.130630875
2.837,9.130611384
2.838,9.130706471
2.839,9.130561538
2.84,9.130580483
2.842,9.13068221
2.843,9.130575161
2.844,9.13069821
2.845,9.130562137
2.846,9.130479763
2.847,9.130576234
2.848,9.130606611
2.849,9.130513396
2.85,9.130591495
2.851,9.130572759
2.852,9.130572931
2.853,9.13058417
2.854,9.130571018
2.855,9.130530229
2.856,9.130494132
2.857,9.130544676
2.858,9.130664505
2.859,9.130660809
2.86,9.13051343
2.861,9.130563457
2.862,9.130488836
2.863,9.130501814
2.864,9.130551343
2.865,9.13044347
2.866,9.130531551
2.867,9.13054744
2.868,9.130607321
2.869,9.130586937
2.87,9.130552764
2.871,9.13040847
2.872,9.130526546
2.873,9.130516509
2.874,9.130432614
2.875,9.130423345
2.876,9.13043402
2.877,9.130478365
2.878,9.130404788
2.879,9.130322352
2.88,9.130356356
2.881,9.130446328
2.882,9.130407673
2.883,9.130353381
2.884,9.130404836
2.885,9.130374226
2.886,9.130314644
2.887,9.130472295
2.888,9.130377315
2.889,9.130287609
2.89,9.13036613
2.891,9.130279098
2.892,9.130322488
2.893,9.130309955
2.894,9.130329168
2.895,9.130321503
2.896,9.130300863
2.897,9.130307911
2.898,9.130368549
2.899,9.130310325
2.9,9.130278555
2.901,9.13020287
2.902,9.130182971
2.903,9.130258585
2.904,9.13020709
2.906,9.130068222
2.907,9.13018485
2.908,9.130154192
2.909,9.13010115
2.91,9.130020464
2.911,9.130171881
2.912,9.130037925
2.913,9.130142311
2.914,9.130120141
2.915,9.130154312
2.916,9.130274675
2.917,9.130128914
2.918,9.130158194
2.919,9.130245212
2.92,9.130180761
2.921,9.129977471
2.922,9.130115199
2.923,9.129951302
2.924,9.129947561
2.925,9.130011284
2.926,9.130025567
2.927,9.130069242
2.928,9.130051354
2.929,9.130008941
2.93,9.130049613
2.931,9.129941046
2.932,9.129904258
2.933,9.129912956
2.934,9.129967494
2.935,9.129911648
2.936,9.129938641
2.937,9.129901631
2.938,9.129810201
2.939,9.129824463
2.94,9.129831991
2.941,9.129929861
2.942,9.129725318
2.943,9.12986141
2.944,9.129906777
2.945,9.129813339
2.946,9.129928708
2.947,9.129852498
2.948,9.129888603
2.949,9.12985897
2.95,9.129812181
2.951,9.129844138
2.952,9.129905039
2.953,9.129886571
2.954,9.129865002
2.955,9.129892165
2.956,9.129867286
2.957,9.129823654
2.958,9.129742982
2.959,9.129826574
2.96,9.129807506
2.961,9.12973002
2.962,9.129800266
2.963,9.129720613
2.964,9.12970535
2.965,9.12968869
2.966,9.129729673
2.967,9.129738338
2.968,9.129703519
2.969,9.129817412
2.97,9.129770901
2.971,9.129702152
2.972,9.129722361
2.973,9.129752745
2.974,9.129683857
2.975,9.129764254
2.976,9.129730532
2.977,9.129731156
2.978,9.129644901
2.979,9.129704254
2.98,9.129677256
2.981,9.129682265
2.982,9.129573355
2.983,9.129731441
2.984,9.129628784
2.985,9.129703716
2.986,9.129554703
2.987,9.129568295
2.988,9.129579179
2.989,9.129495083
2.99,9.129469545
2.991,9.12953207
2.992,9.129527023
2.993,9.129495974
2.994,9.129594751
2.995,9.129389998
2.996,9.129314514
2.997,9.129425927
2.998,9.129462337
2.999,9.129311473
3,9.129421379
3.001,9.129379217
3.002,9.129410688
3.003,9.129456184
3.004,9.129420646
3.005,9.129470199
3.006,9.129361338
3.007,9.129240264
3.008,9.129425099
3.009,9.129252865
3.01,9.129345955
3.011,9.129281862
3.012,9.129373242
3.013,9.129340223
3.014,9.129230386
3.015,9.129229411
3.016,9.129297644
3.017,9.129214756
3.018,9.12903966
3.019,9.129073126
3.02,9.12910001
3.021,9.12905996
3.022,9.129166814
3.023,9.129018369
3.024,9.129031298
3.025,9.129107906
3.026,9.129079537
3.027,9.128939965
3.028,9.129036616
3.029,9.129010403
3.03,9.128984914
3.031,9.129147131
3.032,9.129052831
3.033,9.129152952
3.034,9.129034421
3.035,9.129045693
3.036,9.128948879
3.037,9.128992855
3.038,9.129099698
3.039,9.128938096
3.04,9.128985221
3.041,9.128915293
3.042,9.128981722
3.043,9.128960566
3.044,9.128971978
3.045,9.128882636
3.046,9.128930458
3.047,9.128911634
3.048,9.128762484
3.049,9.128967941
3.05,9.128945427
3.051,9.128992639
3.052,9.128999013
3.053,9.128934376
3.054,9.128989524
3.055,9.128931867
3.056,9.128983936
3.057,9.12897066
3.058,9.128943407
3.059,9.128803267
3.06,9.128912097
3.061,9.128872983
3.062,9.128926764
3.063,9.128854919
3.064,9.128842692
3.065,9.128764626
3.066,9.128906003
3.067,9.128861971
3.068,9.128739841
3.069,9.128758361
3.07,9.12876894
3.071,9.128789603
3.072,9.128791254
3.073,9.128844115
3.074,9.128724245
3.075,9.128752406
3.076,9.128686106
3.077,9.128738162
3.078,9.128743807
3.079,9.128737695
3.08,9.128764322
3.081,9.128698844
3.082,9.128698395
3.083,9.128688633
3.084,9.128693708
3.085,9.128602976
3.086,9.128707107
3.087,9.12865828
3.088,9.128664496
3.089,9.128620828
3.09,9.128715723
3.091,9.128627869
3.092,9.12861549
3.093,9.128574168
3.094,9.128666426
3.095,9.12851541
3.096,9.128531457
3.097,9.128558194
3.098,9.128520179
3.099,9.128555839
3.1,9.128552273
3.101,9.128508042
3.102,9.128497255
3.103,9.128399935
3.104,9.128472977
3.105,9.128469183
3.106,9.128494262
3.107,9.128507353
3.108,9.128437824
3.109,9.128528674
3.11,9.128491331
3.111,9.128491821
3.112,9.12846495
3.113,9.128492919
3.114,9.128431705
3.115,9.128524383
3.116,9.128390316
3.117,9.128410882
3.118,9.128338437
3.119,9.128468062
3.12,9.128360614
3.121,9.12835021
3.122,9.128344306
3.123,9.128371648
3.124,9.128312746
3.125,9.128370698
3.126,9.128200561
3.127,9.128276696
3.128,9.128290972
3.129,9.128292119
3.13,9.128362467
3.131,9.128193102
3.132,9.128295976
3.133,9.128319271
3.134,9.128289696
3.135,9.128309146
3.136,9.128238758
3.137,9.128248444
3.138,9.128305739
3.139,9.128221403
3.14,9.128283009
3.141,9.128240268
3.142,9.128279007
3.143,9.128210908
3.144,9.128147948
3.145,9.128225833
3.146,9.128173406
3.147,9.128210166
3.148,9.128141973
3.149,9.128188556
3.15,9.128144044
3.151,9.128223276
3.152,9.128186636
3.153,9.128280599
3.154,9.128240064
3.155,9.128207895
3.156,9.128135383
3.157,9.128143025
3.158,9.128140926
3.159,9.128007253
3.16,9.128072201
3.161,9.128140344
3.162,9.128231502
3.163,9.127936025
3.164,9.1280865
3.165,9.127995341
3.166,9.127975982
3.167,9.128103437
3.168,9.128046001
3.169,9.12795296
3.17,9.127975477
3.171,9.128004852
3.172,9.127972622
3.173,9.127966703
3.174,9.127933026
3.175,9.12791811
3.176,9.127927564
3.177,9.127879213
3.178,9.127962344
3.179,9.12782762
3.18,9.12791515
3.181,9.127941926
3.182,9.127936868
3.183,9.127860019
3.184,9.127975309
3.185,9.127893884
3.186,9.127857769
3.187,9.12794548
3.188,9.127981621
3.189,9.127934373
3.19,9.127880457
3.191,9.127885561
3.192,9.127866108
3.193,9.127876132
3.194,9.127878125
3.195,9.12784662
3.196,9.127763864
3.197,9.127870679
3.198,9.127788106
3.199,9.127869062
3.2,9.127705564
3.201,9.127694073
3.202,9.127794963
3.203,9.127745911
3.204,9.127699218
3.205,9.127650357
3.206,9.12769614
3.207,9.1277322
3.208,9.127653569
3.209,9.127643893
3.21,9.127667272
3.211,9.127635453
3.212,9.127602159
3.213,9.127588545
3.214,9.127552642
3.215,9.127584327
3.216,9.127585779
3.217,9.127582097
3.218,9.127623698
3.219,9.127624017
3.22,9.127638166
3.221,9.127574919
3.222,9.127633725
3.223,9.127608819
3.224,9.127610417
3.225,9.127477026
3.226,9.127423141
3.227,9.127486812
3.228,9.127435281
3.229,9.127399392
3.23,9.127412425
3.231,9.127415931
3.232,9.127371166
3.233,9.127353133
3.234,9.127399156
3.235,9.127329258
3.236,9.127266777
3.237,9.127209777
3.238,9.127257831
3.239,9.127209765
3.24,9.127259554
3.241,9.127214238
3.242,9.127235907
3.243,9.127240437
3.244,9.127204643
3.245,9.127160968
3.246,9.12733174
3.247,9.127237599
3.248,9.127205885
3.249,9.127222747
3.25,9.1272256
3.251,9.127184566
3.252,9.127131883
3.253,9.127229855
3.254,9.1272278
3.255,9.127133375
3.256,9.127070841
3.257,9.127094641
3.258,9.126974268
3.259,9.126966894
3.26,9.126746921
3.261,9.126669916
3.262,9.126508862
3.263,9.126381188
3.264,9.126376917
3.265,9.126283896
3.266,9.126324945
3.267,9.126398812
3.268,9.126468388
3.269,9.126486303
3.27,9.126520345
3.271,9.126598407
3.272,9.126743435
3.273,9.126835668
3.274,9.127001028
3.275,9.127066011
3.276,9.126933116
3.277,9.126989748
3.278,9.126871797
3.279,9.126848415
3.28,9.126802615
3.281,9.12687445
3.282,9.126659151
3.283,9.126591537
3.284,9.12647247
3.285,9.12642519
3.286,9.126352933
3.287,9.126278098
3.288,9.126179784
3.289,9.126112165
3.29,9.126074857
3.291,9.126091377
3.292,9.125947421
3.293,9.125927694
3.294,9.126038309
3.295,9.126103567
3.296,9.126179842
3.297,9.126121863
3.298,9.126044142
3.299,9.126158319
3.3,9.126061711
3.301,9.126067409
3.302,9.12621385
3.303,9.126179877
3.304,9.126201067
3.305,9.126014963
3.306,9.126041805
3.307,9.126008343
3.308,9.126085663
3.309,9.125927321
3.31,9.12594294
3.311,9.125919776
3.312,9.12586592
3.313,9.125924326
3.314,9.125905678
3.315,9.125697587
3.316,9.125785577
3.317,9.125673667
3.318,9.125819542
3.319,9.125836103
3.32,9.125766498
3.321,9.125741805
3.322,9.125678594
3.323,9.125740055
3.324,9.125620852
3.325,9.125529496
3.326,9.1254413
3.327,9.125432564
3.328,9.125401418
3.329,9.125294365
3.33,9.125267637
3.331,9.125137372
3.332,9.125172595
3.333,9.125196337
3.334,9.125206625
3.335,9.12516494
3.336,9.125154188
3.337,9.125156606
3.338,9.125142492
3.339,9.125110008
3.34,9.125084316
3.341,9.125198312
3.342,9.124996548
3.343,9.124990833
3.344,9.125044736
3.345,9.124996992
3.346,9.125117009
3.347,9.124964308
3.348,9.124893463
3.349,9.124797378
3.35,9.1247638
3.351,9.124838243
3.352,9.124615222
3.353,9.124576155
3.354,9.124443569
3.355,9.124424792
3.356,9.124210488
3.357,9.124189769
3.358,9.124124597
3.359,9.124009531
3.36,9.123993957
3.361,9.12400233
3.362,9.123890031
3.363,9.123971062
3.364,9.123857451
3.365,9.123845224
3.366,9.123836149
3.367,9.123952756
3.368,9.123823019
3.369,9.123818099
3.37,9.123724341
3.371,9.12370298
3.372,9.123841583
3.373,9.123822704
3.374,9.123768494
3.375,9.123764533
3.376,9.12373807
3.377,9.123642448
3.378,9.123597571
3.379,9.123652724
3.38,9.1235054
3.381,9.123493161
3.382,9.123424881
3.383,9.123451347
3.384,9.123447935
3.385,9.123479962
3.386,9.123398613
3.387,9.12341261
3.388,9.123375296
3.39,9.123575206
3.391,9.123364485
3.392,9.123437164
3.393,9.123380895
3.394,9.12330992
3.395,9.123335012
3.396,9.12325036
3.397,9.123141494
3.398,9.123112069
3.399,9.123003648
3.4,9.123105364
3.401,9.123080679
3.402,9.123019185
3.403,9.122970741
3.404,9.123026956
3.405,9.122826076
3.406,9.122955205
3.407,9.122785645
3.408,9.122859379
3.409,9.1228497
3.41,9.122808304
3.411,9.122866353
3.412,9.122859765
3.413,9.122879005
3.414,9.122808455
3.415,9.122852002
3.416,9.122806931
3.417,9.122796182
3.418,9.122793023
3.419,9.122834447
3.42,9.122781703
3.421,9.122760262
3.422,9.122587057
3.423,9.12259058
3.424,9.122617402
3.425,9.122585904
3.426,9.122577571
3.427,9.122481566
3.428,9.122424642
3.429,9.122530374
3.43,9.122452074
3.431,9.122490346
3.432,9.122495195
3.433,9.12246621
3.434,9.122538414
3.435,9.12252087
3.436,9.122366524
3.437,9.122318418
3.438,9.12245375
3.439,9.122360391
3.44,9.122398415
3.441,9.122367857
3.442,9.122311117
3.443,9.122262928
3.444,9.122247184
3.445,9.122257248
3.446,9.122189135
3.447,9.122267674
3.448,9.122366827
3.449,9.122209626
3.45,9.122284221
3.451,9.122228187
3.452,9.122152775
3.453,9.122132358
3.454,9.122073255
3.455,9.122127623
3.456,9.122168522
3.457,9.122035836
3.458,9.122068369
3.459,9.122099417
3.46,9.122109821
3.462,9.122058854
3.463,9.122132158
3.464,9.122098022
3.465,9.121962232
3.466,9.122164971
3.467,9.121991567
3.468,9.122076962
3.469,9.122062005
3.47,9.122036833
3.471,9.121941765
3.472,9.121858682
3.473,9.121930797
3.474,9.121913758
3.475,9.121951879
3.476,9.12181624
3.477,9.121894392
3.478,9.121832947
3.479,9.12194259
3.48,9.121927876
3.481,9.121946138
3.482,9.121866441
3.483,9.121915839
3.484,9.121928855
3.485,9.121849276
3.486,9.121893105
3.487,9.121910513
3.488,9.121848316
3.489,9.121828384
3.49,9.12196898
3.491,9.121891542
3.492,9.121850036
3.493,9.121831801
3.494,9.121804944
3.495,9.121911217
3.496,9.121730784
3.497,9.121727932
3.498,9.121717377
3.499,9.12176315
3.5,9.121710251
3.501,9.121634024
3.502,9.121777143
3.503,9.121677977
3.504,9.121700764
3.505,9.12167679
3.506,9.121654667
3.507,9.121648519
3.508,9.121721084
3.509,9.121674585
3.51,9.121622465
3.511,9.121543574
3.512,9.121453456
3.513,9.121612244
3.514,9.121482267
3.515,9.121571985
3.516,9.121600611
3.517,9.121606323
3.518,9.121526868
3.519,9.12145536
3.52,9.121482601
3.521,9.121418689
3.522,9.121621228
3.523,9.121432693
3.524,9.121523019
3.525,9.121406589
3.526,9.121505497
3.527,9.12135723
3.528,9.121438842
3.529,9.121456841
3.53,9.121477909
3.531,9.121457965
3.532,9.12154047
3.533,9.121337085
3.534,9.12140159
3.535,9.121313154
3.536,9.121313253
3.537,9.121332819
3.538,9.12128005
3.539,9.121328957
3.54,9.121436063
3.541,9.121293079
3.542,9.121384444
3.543,9.121279374
3.544,9.121322842
3.545,9.121184438
3.546,9.121134176
3.547,9.121160072
3.548,9.121188206
3.549,9.121093079
3.55,9.121103604
3.551,9.121057112
3.552,9.121127175
3.553,9.121125289
3.554,9.121030859
3.555,9.121022687
3.556,9.121074626
3.557,9.121070819
3.558,9.121044759
3.559,9.120979502
3.56,9.121124842
3.561,9.120979695
3.562,9.121051498
3.563,9.121007576
3.564,9.120897021
3.565,9.120968359
3.566,9.121054054
3.567,9.12113651
3.568,9.121007685
3.569,9.121097143
3.57,9.120943407
3.571,9.121039005
3.572,9.120827677
3.573,9.121022959
3.574,9.120908764
3.575,9.12089597
3.576,9.120954543
3.577,9.120855462
3.578,9.120809812
3.579,9.120824813
3.58,9.120896135
3.581,9.120804588
3.582,9.1207327
3.583,9.120889324
3.584,9.120835168
3.585,9.120829589
3.586,9.120690507
3.587,9.120733577
3.588,9.120830982
3.589,9.12078339
3.59,9.120759391
3.591,9.120796104
3.592,9.120822413
3.593,9.120771485
3.594,9.120836218
3.595,9.120731652
3.596,9.120779435
3.597,9.12082828
3.598,9.120681244
3.599,9.120690422
3.6,9.120828466
3.601,9.120758761
3.602,9.120751721
3.603,9.120772269
3.604,9.120700067
3.605,9.120671531
3.606,9.120625843
3.607,9.12064582
3.608,9.120628572
3.609,9.120798321
3.61,9.120678797
3.611,9.120667262
3.612,9.120642767
3.613,9.120703459
3.614,9.120742971
3.615,9.120667063
3.616,9.120714051
3.617,9.120645837
3.618,9.12053401
3.619,9.120629953
3.62,9.120541114
3.621,9.120566459
3.622,9.120561784
3.623,9.120558991
3.624,9.120700086
3.625,9.120628263
3.626,9.120627525
3.627,9.120625353
3.628,9.1205249
3.629,9.12052824
3.63,9.120464265
3.631,9.120598352
3.632,9.120456541
3.633,9.120555526
3.634,9.120493066
3.635,9.120529199
3.636,9.120539823
3.637,9.120583908
3.638,9.120520039
3.639,9.120498079
3.64,9.120425205
3.641,9.120373493
3.642,9.120553604
3.643,9.120378477
3.644,9.120473333
3.645,9.120511555
3.646,9.120340398
3.647,9.120395624
3.648,9.120379294
3.649,9.120350819
3.65,9.120445947
3.651,9.120486221
3.652,9.120445019
3.653,9.120404515
3.654,9.120393483
3.655,9.120333814
3.656,9.120355359
3.657,9.120417376
3.658,9.120393192
3.659,9.12037589
3.66,9.120398105
3.661,9.120431402
3.662,9.120346118
3.663,9.120368067
3.664,9.120333697
3.665,9.120468882
3.666,9.120325676
3.667,9.120341975
3.668,9.120208788
3.669,9.120237161
3.67,9.120305042
3.671,9.1203155
3.672,9.120263728
3.673,9.12029503
3.674,9.120217293
3.675,9.120242256
3.676,9.120350499
3.677,9.120197947
3.678,9.120079241
3.679,9.120186842
3.68,9.120126092
3.681,9.120134454
3.682,9.120060534
3.683,9.120115738
3.684,9.120059217
3.685,9.120190663
3.686,9.12024946
3.687,9.120140465
3.688,9.120191054
3.689,9.120191562
3.69,9.120249558
3.691,9.12011419
3.692,9.120199366
3.693,9.120183295
3.694,9.120164832
3.695,9.120108423
3.696,9.120088033
3.697,9.120019212
3.698,9.120116444
3.699,9.120135032
3.7,9.120134351
3.701,9.120094318
3.702,9.120046921
3.703,9.120012579
3.704,9.11997236
3.705,9.120181264
3.706,9.120163723
3.707,9.120134884
3.708,9.120059188
3.709,9.120060703
3.71,9.120108022
3.711,9.120055458
3.712,9.12002653
3.713,9.12006308
3.714,9.120095587
3.715,9.120109727
3.716,9.120000322
3.717,9.11991513
3.718,9.119923599
3.719,9.119962852
3.72,9.120040471
3.721,9.120083407
3.722,9.120086194
3.723,9.119905237
3.724,9.119914739
3.725,9.119968376
3.726,9.119988131
3.727,9.119963066
3.728,9.119937418
3.729,9.119904278
3.73,9.119963791
3.731,9.120001424
3.732,9.119989869
3.733,9.120035401
3.734,9.119953823
3.735,9.119827604
3.736,9.119946016
3.737,9.119865043
3.738,9.119938262
3.739,9.119783562
3.74,9.119975266
3.741,9.120015687
3.742,9.120030973
3.743,9.120025529
3.744,9.119948379
3.745,9.120021368
3.746,9.120025048
3.747,9.119832762
3.748,9.119889455
3.749,9.119864442
3.75,9.119859619
3.751,9.119945948
3.752,9.119929397
3.753,9.119980172
3.754,9.119842077
3.755,9.119931733
3.756,9.119955081
3.757,9.11986014
3.758,9.119821974
3.759,9.119777197
3.76,9.119750891
3.761,9.11983765
3.762,9.119800268
3.763,9.119807015
3.764,9.119904915
3.765,9.119914951
3.766,9.119913774
3.767,9.119845509
3.768,9.119881118
3.769,9.119816895
3.77,9.119802859
3.771,9.119666786
3.772,9.119763003
3.773,9.119815036
3.774,9.119913881
3.775,9.119829525
3.776,9.119776289
3.777,9.11975873
3.778,9.119765053
3.779,9.119796856
3.78,9.119791153
3.781,9.119789852
3.782,9.119804504
3.783,9.119737488
3.784,9.119744184
3.785,9.119683668
3.786,9.119700834
3.787,9.119691307
3.788,9.119806013
3.789,9.119914307
3.79,9.119738681
3.791,9.119733688
3.792,9.119714924
3.793,9.119802288
3.794,9.119704598
3.795,9.119779645
3.796,9.119649608
3.797,9.119706292
3.798,9.119622817
3.799,9.119770372
3.8,9.119634507
3.801,9.119718879
3.802,9.119679803
3.803,9.119716125
3.804,9.119725631
3.805,9.119689971
3.806,9.119646056
3.807,9.119604497
3.808,9.119622625
3.809,9.119626732
3.81,9.119634234
3.811,9.11964324
3.812,9.119566714
3.813,9.119648563
3.814,9.119644432
3.815,9.119561134
3.816,9.119543867
3.817,9.119674173
3.818,9.119731463
3.819,9.119751442
3.82,9.119702992
3.821,9.119679242
3.822,9.1196861
3.823,9.119717257
3.824,9.119804368
3.825,9.119588393
3.826,9.119571117
3.827,9.119541074
3.828,9.119630904
3.829,9.119614307
3.83,9.119685643
3.831,9.119699914
3.832,9.119720036
3.833,9.119837132
3.834,9.119560933
3.835,9.11970143
3.836,9.119621724
3.837,9.119581674
3.838,9.119492457
3.839,9.119623407
3.84,9.119614192
3.841,9.119583366
3.842,9.119595285
3.843,9.119576692
3.844,9.119535677
3.845,9.119548722
3.846,9.11957741
3.847,9.119563934
3.848,9.119544522
3.849,9.11947704
3.85,9.11950363
3.851,9.119507066
3.852,9.11942281
3.853,9.119575783
3.854,9.119491429
3.855,9.119446391
3.856,9.119446738
3.857,9.119673466
3.858,9.119487157
3.859,9.11943042
3.86,9.119498539
3.861,9.119464476
3.862,9.119503759
3.863,9.119589062
3.864,9.119632165
3.865,9.119536833
3.866,9.11949958
3.867,9.119527719
3.868,9.119422557
3.869,9.119438701
3.87,9.119515497
3.871,9.119424395
3.872,9.119495426
3.873,9.119405143
3.874,9.119414513
3.875,9.119518627
3.876,9.119485177
3.877,9.119437606
3.878,9.119440517
3.879,9.119417017
3.88,9.119622001
3.881,9.119400793
3.882,9.119487869
3.883,9.119547935
3.884,9.119420459
3.885,9.119422995
3.886,9.119419532
3.887,9.119423091
3.888,9.119437928
3.889,9.119358257
3.89,9.119461025
3.891,9.119453577
3.892,9.119466696
3.893,9.119572425
3.894,9.119482336
3.895,9.119476664
3.896,9.119439187
3.897,9.119403448
3.898,9.119363883
3.899,9.119446565
3.9,9.119362833
3.901,9.119389445
3.902,9.11941139
3.903,9.119442034
3.904,9.119445236
3.905,9.11950032
3.906,9.11942416
3.907,9.11936453
3.908,9.119421202
3.909,9.119367798
3.91,9.119326411
3.911,9.119293217
3.912,9.119269344
3.913,9.119310997
3.914,9.119304171
3.915,9.119392029
3.916,9.119421238
3.917,9.119356468
3.918,9.11944628
3.919,9.119303216
3.92,9.119324052
3.921,9.119353922
3.922,9.119358471
3.923,9.119303954
3.924,9.11938166
3.925,9.11941151
3.926,9.119390554
3.927,9.119427424
3.928,9.119347866
3.929,9.119408288
3.93,9.119218846
3.931,9.119342365
3.932,9.11944423
3.933,9.119387272
3.934,9.119334496
3.935,9.119365785
3.936,9.119400178
3.937,9.11940608
3.938,9.119369189
3.939,9.119218495
3.94,9.119337802
3.941,9.119300636
3.942,9.119344152
3.943,9.119307779
3.944,9.119299257
3.945,9.119270231
3.946,9.119232258
3.947,9.119311834
3.948,9.119387549
3.949,9.119383461
3.95,9.119346749
3.951,9.119270258
3.952,9.119195931
3.953,9.119291012
3.954,9.119309741
3.955,9.119177651
3.956,9.11921399
3.957,9.119224822
3.958,9.119230026
3.959,9.119276184
3.96,9.119255243
3.961,9.119244622
3.962,9.119173271
3.963,9.119230845
3.964,9.119217045
3.965,9.119308823
3.966,9.119285882
3.967,9.119316026
3.968,9.119204413
3.969,9.119261654
3.97,9.119189123
3.971,9.119242639
3.972,9.119203514
3.973,9.119235049
3.974,9.119254064
3.975,9.119299494
3.976,9.119170374
3.977,9.119175972
3.978,9.119242336
3.979,9.119175247
3.98,9.119198973
3.981,9.119122982
3.982,9.119248694
3.983,9.119155124
3.984,9.119339075
3.985,9.119173234
3.986,9.119244667
3.987,9.119302931
3.988,9.119197974
3.989,9.119168911
3.99,9.119199983
3.991,9.119225092
3.992,9.119057529
3.993,9.119073812
3.994,9.11913501
3.995,9.119210177
3.996,9.119057704
3.997,9.119260723
3.998,9.119121807
3.999,9.119287508
4,9.119125879
4.001,9.119219444
4.002,9.119246938
4.003,9.119243718
4.004,9.119102235
4.005,9.119072574
4.006,9.119127534
4.007,9.119275557
4.008,9.119226475
4.009,9.119248058
4.01,9.119193786
4.011,9.119065167
4.012,9.11919699
4.013,9.119043164
4.014,9.119136163
4.015,9.119139616
4.016,9.119122006
4.017,9.11909337
4.018,9.119123957
4.019,9.119044297
4.02,9.119043456
4.021,9.119059702
4.022,9.119221237
4.023,9.119027092
4.024,9.119097115
4.025,9.118990698
4.026,9.119126686
4.027,9.119020994
4.028,9.119104778
4.029,9.119109274
4.03,9.119135333
4.031,9.119132153
4.032,9.119100032
4.033,9.119169835
4.034,9.11894239
4.035,9.119042395
4.036,9.119137763
4.037,9.118969746
4.038,9.119036389
4.039,9.119019814
4.04,9.119087668
4.041,9.11893224
4.042,9.119135417
4.043,9.11909585
4.044,9.118973134
4.045,9.119066571
4.046,9.119093634
4.047,9.118998524
4.048,9.119134885
4.049,9.119155357
4.05,9.119042542
4.051,9.119171161
4.052,9.119122882
4.053,9.118990486
4.054,9.119083407
4.055,9.119035557
4.056,9.119021996
4.057,9.11906586
4.058,9.119162979
4.059,9.119180036
4.06,9.119166689
4.061,9.119093576
4.062,9.118908995
4.063,9.118987794
4.064,9.118964088
4.065,9.118904657
4.066,9.119096531
4.067,9.119063022
4.068,9.119024878
4.069,9.118904196
4.07,9.118986535
4.071,9.119091618
4.072,9.118997306
4.073,9.118877774
4.074,9.118934993
4.075,9.118895461
4.076,9.118930276
4.077,9.119075649
4.078,9.118941297
4.079,9.118891294
4.08,9.118929077
4.081,9.118985694
4.082,9.118951985
4.083,9.118913959
4.084,9.118916259
4.085,9.118896486
4.086,9.11904966
4.087,9.119080582
4.088,9.118955197
4.089,9.119043509
4.09,9.118941838
4.091,9.118996404
4.092,9.119010036
4.093,9.119086253
4.094,9.119090929
4.095,9.118935584
4.096,9.118957393
4.097,9.118926631
4.098,9.118944835
4.099,9.118972073
4.1,9.119035385
4.101,9.118908267
4.102,9.118861245
4.103,9.119007476
4.104,9.118993618
4.105,9.118991488
4.106,9.118928686
4.107,9.118885386
4.108,9.118995457
4.109,9.118973345
4.11,9.118901946
4.111,9.11893099
4.112,9.118897524
4.113,9.118971466
4.114,9.11899243
4.115,9.118976406
4.116,9.118837721
4.117,9.11892126
4.118,9.118905625
4.119,9.11885309
4.12,9.118991403
4.121,9.118885458
4.122,9.118916156
4.123,9.118842395
4.124,9.118891013
4.125,9.118853759
4.126,9.118945165
4.127,9.118901794
4.128,9.118944694
4.129,9.118877715
4.13,9.118937381
4.131,9.118974648
4.132,9.118871633
4.133,9.118905544
4.134,9.118931404
4.135,9.118830438
4.136,9.118865469
4.137,9.118906143
4.138,9.118927951
4.139,9.11877025
4.14,9.118855627
4.141,9.118751592
4.142,9.118856478
4.143,9.118860569
4.144,9.118859534
4.145,9.118814962
4.146,9.118822698
4.147,9.118829031
4.148,9.118866869
4.149,9.118988295
4.15,9.118837187
4.151,9.118798711
4.152,9.118827417
4.153,9.118775317
4.154,9.118752162
4.155,9.118840649
4.156,9.118771964
4.157,9.118804462
4.158,9.118853927
4.159,9.11875078
4.16,9.118781556
4.161,9.118776401
4.162,9.118799595
4.163,9.11874281
4.164,9.118904833
4.165,9.11876434
4.166,9.118766401
4.167,9.118631609
4.168,9.118712646
4.169,9.118720234
4.171,9.118793931
4.172,9.118730347
4.173,9.118766094
4.174,9.11870435
4.175,9.118696304
4.176,9.118802934
4.177,9.118781726
4.178,9.118783865
4.179,9.118734242
4.18,9.1187566
4.181,9.118686649
4.182,9.11871907
4.183,9.118828147
4.184,9.118657974
4.185,9.118647436
4.186,9.118685384
4.187,9.118765393
4.188,9.118660294
4.189,9.118690163
4.19,9.118704992
4.191,9.118665458
4.192,9.118649032
4.193,9.118634677
4.194,9.118689616
4.195,9.118617821
4.196,9.118641454
4.197,9.118838977
4.198,9.118646276
4.199,9.118675338
4.2,9.118625018
4.201,9.118613374
4.202,9.118641638
4.203,9.118532847
4.204,9.118623373
4.205,9.118588268
4.206,9.118684442
4.207,9.118632889
4.208,9.118632519
4.209,9.118583975
4.21,9.118555851
4.211,9.118563984
4.212,9.118589766
4.213,9.118641535
4.214,9.118631059
4.215,9.118647781
4.216,9.118654886
4.217,9.118559534
4.218,9.118628999
4.219,9.11867715
4.22,9.118515572
4.221,9.118680667
4.222,9.118642745
4.223,9.118626008
4.224,9.118537754
4.225,9.118574698
4.226,9.11858577
4.227,9.118678716
4.228,9.11857024
4.229,9.118545361
4.23,9.118608979
4.231,9.118696587
4.232,9.118646641
4.233,9.118618698
4.234,9.118607991
4.235,9.118440839
4.236,9.118506849
4.237,9.118638921
4.238,9.118585053
4.239,9.118620823
4.24,9.118474679
4.241,9.118621072
4.242,9.118490086
4.243,9.118453062
4.244,9.118686665
4.245,9.118567552
4.246,9.118632101
4.247,9.118531651
4.248,9.11860859
4.249,9.118551677
4.25,9.118493374
4.251,9.118540754
4.252,9.118612965
4.253,9.118502554
4.254,9.118564597
4.255,9.118507098
4.256,9.118546032
4.257,9.118530356
4.258,9.118468036
4.259,9.118599875
4.26,9.118530042
4.261,9.118520954
4.262,9.11847339
4.263,9.118479752
4.264,9.118540959
4.265,9.118460353
4.266,9.118504886
4.267,9.118446142
4.268,9.118539575
4.269,9.118395572
4.27,9.118496439
4.271,9.118443879
4.272,9.118459407
4.273,9.118452125
4.274,9.118558867
4.275,9.118423518
4.276,9.118570089
4.277,9.11849273
4.278,9.118416467
4.279,9.118428551
4.28,9.118514794
4.281,9.118449768
4.282,9.11838239
4.283,9.118532541
4.284,9.118440961
4.285,9.118500016
4.286,9.11852588
4.287,9.118643999
4.288,9.118546504
4.289,9.118494609
4.29,9.118575115
4.291,9.118517414
4.292,9.118571464
4.293,9.11850433
4.294,9.118504006
4.295,9.118422596
4.296,9.118480157
4.297,9.118418395
4.298,9.118516282
4.299,9.118357271
4.3,9.118409301
4.301,9.118498461
4.302,9.118290778
4.303,9.11843154
4.304,9.118415516
4.305,9.118362577
4.306,9.118448515
4.307,9.118468024
4.308,9.118451067
4.309,9.118365502
4.31,9.118271923
4.311,9.118429259
4.312,9.11834697
4.313,9.118392857
4.314,9.118429176
4.315,9.118392265
4.316,9.118464014
4.317,9.118486858
4.318,9.118480019
4.319,9.118453218
4.32,9.118363737
4.321,9.118415555
4.322,9.118442961
4.323,9.118424739
4.324,9.118440969
4.325,9.118426598
4.326,9.11837522
4.327,9.118374919
4.328,9.118381096
4.329,9.118353492
4.33,9.118408691
4.331,9.118316584
4.332,9.118303928
4.333,9.11833957
4.334,9.118274005
4.335,9.118346298
4.336,9.118416889
4.337,9.118449914
4.338,9.118460663
4.339,9.118464897
4.34,9.118385595
4.341,9.118382572
4.342,9.11846895
4.343,9.118411069
4.344,9.118354695
4.345,9.118270461
4.346,9.118405631
4.347,9.118284521
4.348,9.11831414
4.349,9.118491766
4.35,9.118339277
4.351,9.118348558
4.352,9.118375487
4.353,9.118454132
4.354,9.11851596
4.355,9.11834678
4.356,9.118313969
4.357,9.118422043
4.358,9.118319615
4.359,9.11836217
4.36,9.118413727
4.361,9.118274071
4.362,9.118285157
4.363,9.118428141
4.364,9.118429982
4.365,9.118395046
4.366,9.118333422
4.367,9.118317069
4.368,9.118342203
4.369,9.118372177
4.37,9.118313873
4.371,9.118399433
4.372,9.118379313
4.373,9.118325068
4.374,9.118319314
4.375,9.118344633
4.376,9.118286791
4.377,9.118210251
4.378,9.118352515
4.379,9.118391353
4.38,9.118317963
4.381,9.118306197
4.382,9.118292947
4.383,9.118332214
4.384,9.1183376
4.385,9.118355283
4.386,9.118310252
4.387,9.118292696
4.388,9.118297401
4.389,9.118366355
4.39,9.118333978
4.391,9.118400806
4.392,9.118329385
4.393,9.1182704
4.394,9.118289114
4.395,9.118345695
4.396,9.118245556
4.397,9.118353435
4.398,9.118488554
4.399,9.1182752
4.4,9.118364963
4.401,9.118325424
4.402,9.118356292
4.403,9.1182836
4.404,9.118219595
4.405,9.118277122
4.406,9.118295017
4.407,9.118235955
4.408,9.118276907
4.409,9.118403221
4.41,9.118274634
4.411,9.118306315
4.412,9.11836905
4.413,9.11835744
4.414,9.118306942
4.415,9.118319231
4.416,9.118251537
4.417,9.11833648
4.418,9.118338118
4.419,9.118308942
4.42,9.118238114
4.421,9.118278368
4.422,9.118347014
4.423,9.118248386
4.424,9.118212925
4.425,9.118212752
4.426,9.118239333
4.427,9.118260841
4.428,9.118283789
4.429,9.118131192
4.43,9.118154388
4.431,9.118169072
4.432,9.118190984
4.433,9.118288266
4.434,9.118169267
4.435,9.11837587
4.436,9.118249774
4.437,9.118168561
4.438,9.118204058
4.439,9.118242447
4.44,9.118354058
4.441,9.11816938
4.442,9.118242112
4.443,9.118172392
4.444,9.118161908
4.445,9.118207884
4.446,9.118242632
4.447,9.118298236
4.448,9.118122888
4.449,9.1181769
4.45,9.118272675
4.451,9.11838244
4.452,9.118243234
4.453,9.118318207
4.454,9.118201393
4.455,9.118108055
4.456,9.118195955
4.457,9.118175681
4.458,9.118209774
4.459,9.118244326
4.46,9.118241033
4.461,9.118224697
4.462,9.118279019
4.463,9.118103578
4.464,9.118116197
4.465,9.118272182
4.466,9.118209828
4.467,9.118235464
4.468,9.118124482
4.469,9.118126148
4.47,9.118114421
4.471,9.118266409
4.472,9.11823028
4.473,9.118049271
4.474,9.118072287
4.475,9.118101875
4.476,9.118034608
4.477,9.118110533
4.478,9.118210205
4.479,9.118265512
4.48,9.118166065
4.481,9.11811557
4.482,9.118048247
4.483,9.118221747
4.484,9.118173525
4.485,9.118185183
4.486,9.118167809
4.487,9.118222865
4.488,9.118151609
4.489,9.11823604
4.49,9.118180093
4.491,9.118226402
4.492,9.118237278
4.493,9.11804723
4.494,9.118151558
4.495,9.118250596
4.496,9.118156186
4.497,9.118105001
4.498,9.118234736
4.499,9.118148565
4.5,9.118275623
4.501,9.118052645
4.502,9.118083491
4.503,9.118116737
4.504,9.118006575
4.505,9.118161786
4.506,9.118201761
4.507,9.118148501
4.508,9.118136864
4.509,9.118073678
4.51,9.118209346
4.511,9.118162709
4.512,9.1181382
4.513,9.118161699
4.514,9.118161187
4.515,9.118256593
4.516,9.118115353
4.517,9.118043121
4.518,9.118174005
4.519,9.118122625
4.52,9.118122929
4.521,9.117980319
4.522,9.118128615
4.523,9.118140268
4.524,9.118244303
4.525,9.118080203
4.526,9.118048945
4.527,9.117938979
4.528,9.118113418
4.529,9.118168582
4.53,9.118014757
4.531,9.118005093
4.532,9.118109431
4.533,9.118061783
4.534,9.118147753
4.535,9.118113134
4.536,9.118019768
4.537,9.118048364
4.538,9.118002868
4.539,9.118098505
4.54,9.118007216
4.541,9.117929927
4.542,9.118091831
4.543,9.11806554
4.544,9.118009845
4.545,9.118138895
4.546,9.118056272
4.547,9.118046202
4.548,9.118057357
4.549,9.11817151
4.55,9.118016072
4.551,9.118021771
4.552,9.117998566
4.553,9.11806511
4.554,9.118079717
4.555,9.118032056
4.556,9.117967459
4.557,9.11803107
4.558,9.118113377
4.559,9.118065595
4.56,9.118039098
4.561,9.118016564
4.562,9.118120333
4.563,9.118039401
4.564,9.118129787
4.565,9.118086296
4.566,9.118119306
4.567,9.11803362
4.568,9.118092091
4.569,9.118086398
4.57,9.118060049
4.571,9.118040178
4.572,9.118040011
4.573,9.11785499
4.574,9.118056385
4.575,9.117915099
4.576,9.118009713
4.577,9.117988044
4.578,9.118051823
4.579,9.118139734
4.58,9.117974743
4.581,9.117944945
4.582,9.11797671
4.583,9.11795206
4.584,9.118078737
4.585,9.118009844
4.586,9.117969159
4.587,9.117872218
4.588,9.117896538
4.589,9.117947869
4.59,9.117997114
4.591,9.117878408
4.592,9.117974547
4.593,9.117892008
4.594,9.118045026
4.595,9.117948257
4.596,9.118026723
4.597,9.118052408
4.598,9.117954927
4.599,9.118085051
4.6,9.118018879
4.601,9.11783876
4.602,9.117909663
4.603,9.117898596
4.604,9.117894173
4.605,9.117964685
4.606,9.117881989
4.607,9.117893901
4.608,9.117964232
4.609,9.117996578
4.61,9.117923873
4.611,9.117916059
4.612,9.117887882
4.613,9.117975019
4.614,9.118020504
4.615,9.1179446
4.616,9.117830301
4.618,9.117933247
4.619,9.117853123
4.62,9.118040926
4.621,9.11790344
4.622,9.117940075
4.623,9.117924824
4.624,9.117863307
4.625,9.117852181
4.626,9.117824249
4.627,9.117781152
4.628,9.117938787
4.629,9.117957167
4.63,9.117840451
4.631,9.117873392
4.632,9.118010362
4.633,9.11787607
4.634,9.117927371
4.635,9.117907622
4.636,9.117897603
4.637,9.11784424
4.638,9.117837108
4.639,9.117933478
4.64,9.117868984
4.641,9.117875803
4.642,9.11783313
4.643,9.117802917
4.644,9.117880268
4.645,9.117860969
4.646,9.11794741
4.647,9.117989629
4.648,9.117922054
4.649,9.117844885
4.65,9.117862531
4.651,9.117769272
4.652,9.117807165
4.653,9.117847827
4.654,9.117877362
4.655,9.117859768
4.656,9.117813517
4.657,9.117645675
4.658,9.117797607
4.659,9.117803025
4.66,9.117844625
4.661,9.117716326
4.662,9.117858171
4.663,9.117777506
4.664,9.117708894
4.665,9.117757299
4.666,9.11785122
4.667,9.117793938
4.668,9.117710849
4.669,9.117775757
4.67,9.117755451
4.671,9.117746987
4.672,9.117908782
4.673,9.117839128
4.674,9.117822661
4.675,9.117756468
4.676,9.117814124
4.677,9.117694608
4.678,9.117739183
4.679,9.117794696
4.68,9.117847367
4.681,9.11783745
4.682,9.117759265
4.683,9.117743725
4.684,9.117882993
4.685,9.117869718
4.686,9.117767234
4.687,9.117807365
4.688,9.117727194
4.689,9.117758302
4.69,9.117728207
4.691,9.117674959
4.692,9.117835292
4.693,9.117652116
4.694,9.117711782
4.695,9.117661676
4.696,9.117787136
4.697,9.117772554
4.698,9.11769556
4.699,9.117840234
4.7,9.117747447
4.701,9.117694559
4.702,9.117812445
4.703,9.117640068
4.704,9.117659507
4.705,9.117769045
4.706,9.117783441
4.707,9.117716664
4.708,9.11776558
4.709,9.117863423
4.71,9.117738254
4.711,9.117753441
4.712,9.117741553
4.713,9.117804142
4.714,9.117795238
4.715,9.117660351
4.716,9.11764984
4.717,9.117696559
4.718,9.117647353
4.719,9.117719455
4.72,9.117687057
4.721,9.117725637
4.722,9.117690714
4.723,9.11770035
4.724,9.117666574
4.725,9.117656236
4.726,9.117571541
4.727,9.117732239
4.728,9.117738171
4.729,9.117786056
4.73,9.11767321
4.731,9.117719911
4.732,9.11768473
4.733,9.117709564
4.734,9.117675708
4.735,9.117657856
4.736,9.117527927
4.737,9.117638647
4.738,9.11769885
4.739,9.117564637
4.74,9.117616462
4.741,9.117643054
4.742,9.117691482
4.743,9.117668354
4.744,9.117714876
4.745,9.117738739
4.746,9.117684027
4.747,9.117630774
4.748,9.117811708
4.749,9.117635216
4.75,9.117676153
4.751,9.117697029
4.752,9.117526628
4.753,9.117575569
4.754,9.117749236
4.755,9.117579416
4.756,9.11771014
4.757,9.117706859
4.758,9.117695164
4.759,9.117568082
4.76,9.11757146
4.761,9.117616832
4.762,9.117597877
4.763,9.11767412
4.764,9.117624158
4.765,9.11759195
4.766,9.117649314
4.767,9.117658834
4.768,9.117557201
4.769,9.117655646
4.77,9.117587182
4.771,9.117560877
4.772,9.117465711
4.773,9.117601013
4.774,9.117585203
4.775,9.117567031
4.776,9.117693444
4.777,9.117643655
4.778,9.117715651
4.779,9.117616554
4.78,9.117590303
4.781,9.117580655
4.782,9.117623329
4.783,9.117583328
4.784,9.117621895
4.785,9.117611057
4.786,9.117588593
4.787,9.117588193
4.788,9.117514424
4.789,9.11758304
4.79,9.117521146
4.791,9.117535467
4.792,9.117518999
4.793,9.11761356
4.794,9.117576457
4.795,9.11751264
4.796,9.117551607
4.797,9.117502488
4.798,9.117500816
4.799,9.117501643
4.8,9.117573624
4.801,9.117565417
4.802,9.117424488
4.803,9.117535687
4.804,9.11754926
4.805,9.117563757
4.806,9.117531643
4.807,9.117509044
4.808,9.117514057
4.809,9.11749519
4.81,9.117521926
4.811,9.117513558
4.812,9.117548327
4.813,9.117574409
4.814,9.117698642
4.815,9.117663703
4.816,9.117489831
4.817,9.11743156
4.818,9.117591274
4.819,9.117520323
4.82,9.117369413
4.821,9.117451756
4.822,9.11746307
4.823,9.117466697
4.824,9.117448541
4.825,9.117391534
4.826,9.117472132
4.827,9.11740799
4.828,9.117403713
4.829,9.1174925
4.83,9.117391663
4.831,9.117474052
4.832,9.117423632
4.833,9.117363149
4.834,9.117453388
4.835,9.117629055
4.836,9.117430652
4.837,9.117460618
4.838,9.117495185
4.839,9.117554966
4.84,9.117461025
4.841,9.11748519
4.842,9.117529931
4.843,9.117401041
4.844,9.117404409
4.845,9.117448085
4.846,9.117458738
4.847,9.117527541
4.848,9.117519806
4.849,9.117372406
4.85,9.117501184
4.851,9.117455455
4.852,9.117341971
4.853,9.117370163
4.854,9.117468175
4.855,9.117426318
4.856,9.117387156
4.857,9.117397885
4.858,9.117403523
4.859,9.117445626
4.86,9.117338457
4.861,9.1174389
4.862,9.117456246
4.863,9.117448469
4.864,9.117296995
4.865,9.117449306
4.866,9.117559454
4.867,9.117490677
4.868,9.117427384
4.869,9.117397731
4.87,9.117396217
4.871,9.117460337
4.872,9.117396352
4.873,9.117351448
4.874,9.117471899
4.875,9.117441317
4.876,9.117425225
4.877,9.117405754
4.878,9.11739069
4.879,9.117372548
4.88,9.11744571
4.881,9.11747764
4.882,9.117387754
4.883,9.117384803
4.884,9.117434329
4.885,9.11729337
4.886,9.117242074
4.887,9.117238549
4.888,9.117302544
4.889,9.117211048
4.89,9.117462726
4.891,9.11732721
4.892,9.117420819
4.893,9.117387672
4.894,9.117350583
4.895,9.117272731
4.896,9.117291597
4.897,9.117270227
4.898,9.117262958
4.899,9.117302914
4.9,9.117377372
4.901,9.117451596
4.902,9.117402679
4.903,9.117277113
4.904,9.117353071
4.905,9.117331391
4.906,9.117360707
4.907,9.117303092
4.908,9.117326547
4.909,9.117286409
4.91,9.117242134
4.911,9.117350326
4.912,9.117386892
4.913,9.117300039
4.914,9.117342073
4.915,9.117331952
4.916,9.117247471
4.917,9.117272301
4.918,9.117266302
4.919,9.117337161
4.92,9.117198652
4.921,9.117243653
4.922,9.117288766
4.923,9.117339161
4.924,9.117356262
4.925,9.117314022
4.926,9.117350787
4.927,9.117209861
4.928,9.117327777
4.929,9.117260506
4.93,9.117274801
4.931,9.117262422
4.932,9.117217319
4.933,9.117318244
4.934,9.117302652
4.935,9.117259638
4.936,9.117338386
4.937,9.117273436
4.938,9.117350186
4.939,9.117313868
4.94,9.117317
4.941,9.117235529
4.942,9.117268255
4.943,9.117326753
4.944,9.117170706
4.945,9.117249649
4.946,9.117209661
4.947,9.11723858
4.948,9.117264496
4.949,9.117230979
4.95,9.117336376
4.951,9.117255089
4.952,9.11723397
4.953,9.117224133
4.954,9.11722412
4.955,9.117262475
4.956,9.117187754
4.957,9.11713131
4.958,9.117272813
4.959,9.117177624
4.96,9.117114706
4.961,9.117169628
4.962,9.117150684
4.963,9.117294918
4.964,9.117239856
4.965,9.117228546
4.966,9.117173344
4.967,9.117204843
4.968,9.117161504
4.969,9.117314023
4.97,9.117287212
4.971,9.117174892
4.972,9.117196218
4.973,9.11709392
4.974,9.117208661
4.975,9.11718711
4.976,9.117085766
4.977,9.11718148
4.978,9.117122984
4.979,9.117142792
4.98,9.117142995
4.981,9.117098735
4.982,9.117105711
4.983,9.117188312
4.984,9.117096558
4.985,9.117106469
4.986,9.117117889
4.987,9.117113471
4.988,9.117082217
4.989,9.117021378
4.99,9.117057403
4.991,9.117067473
4.992,9.116993213
4.993,9.117078268
4.994,9.117046252
4.995,9.117241474
4.996,9.117136311
4.997,9.11703198
4.998,9.117239373
4.999,9.117052033
5,9.117078149
5.001,9.117170914
