condition,time_s,mean_joint_motion_deg,sample_sd_deg
MAIN_NS7_baseline_20N_200mm,0,0,0
MAIN_NS7_baseline_20N_200mm,0.049999999999999822,0.00018520133333332911,0.00015046488753971444
MAIN_NS7_baseline_20N_200mm,0.099999999999999645,0.0002247296666666824,7.7904148312721186e-05
MAIN_NS7_baseline_20N_200mm,0.15000000000000036,0.00014160600000001633,9.2520327107108505e-05
MAIN_NS7_baseline_20N_200mm,0.25,0.00025661299999997961,0.00027832805426692255
MAIN_NS7_baseline_20N_200mm,0.29999999999999982,0.00025773300000001925,0.00012880825764289126
MAIN_NS7_baseline_20N_200mm,0.34999999999999964,0.00041252900000003184,0.00044749603777581722
MAIN_NS7_baseline_20N_200mm,0.40000000000000036,0.00061011266666669928,0.00051784103875354725
MAIN_NS7_baseline_20N_200mm,0.45000000000000018,0.00099003133333338167,0.00036913730897911292
MAIN_NS7_baseline_20N_200mm,0.5,0.0013118959999999975,0.00069816158348982166
MAIN_NS7_baseline_20N_200mm,0.54999999999999982,0.0019539686666666758,0.00084550255077402115
MAIN_NS7_baseline_20N_200mm,0.59999999999999964,0.0026116553333333328,0.0014481664187228132
MAIN_NS7_baseline_20N_200mm,0.65000000000000036,0.0050046380000000239,0.0040290523243759159
MAIN_NS7_baseline_20N_200mm,0.70000000000000018,0.010103931333333352,0.007746300937456172
MAIN_NS7_baseline_20N_200mm,0.75,0.013710495666666675,0.0099899585851412048
MAIN_NS7_baseline_20N_200mm,0.79999999999999982,0.01619699000000004,0.01148292125488443
MAIN_NS7_baseline_20N_200mm,0.84999999999999964,0.019463427666666682,0.012617667170155717
MAIN_NS7_baseline_20N_200mm,0.90000000000000036,0.024355548666666709,0.014105413943258536
MAIN_NS7_baseline_20N_200mm,0.95000000000000018,0.029962524000000029,0.015110652462311426
MAIN_NS7_baseline_20N_200mm,1,0.036629239666666723,0.01636276830301233
MAIN_NS7_baseline_20N_200mm,1.0499999999999998,0.046979216000000025,0.019769729033848483
MAIN_NS7_baseline_20N_200mm,1.0999999999999996,0.05625268566666667,0.021212665021904657
MAIN_NS7_baseline_20N_200mm,1.1500000000000004,0.070027460333333361,0.026445210380708583
MAIN_NS7_baseline_20N_200mm,1.2000000000000002,0.089594882000000028,0.037846536694540911
MAIN_NS7_baseline_20N_200mm,1.25,0.11676794466666666,0.055849502406848557
MAIN_NS7_baseline_20N_200mm,1.2999999999999998,0.15951413000000003,0.086870462326843756
MAIN_NS7_baseline_20N_200mm,1.3499999999999996,0.21531220933333339,0.12879193017398147
MAIN_NS7_baseline_20N_200mm,1.4000000000000004,0.26304610833333336,0.16331307426349664
MAIN_NS7_baseline_20N_200mm,1.4500000000000002,0.30796851866666669,0.19640281375488503
MAIN_NS7_baseline_20N_200mm,1.5,0.36758622199999996,0.23757559029086447
MAIN_NS7_baseline_20N_200mm,1.5499999999999998,0.4263809526666667,0.27260072469802432
MAIN_NS7_baseline_20N_200mm,1.5999999999999996,0.48460331400000006,0.30019842462212226
MAIN_NS7_baseline_20N_200mm,1.6500000000000004,0.55739815333333331,0.32838775299975864
MAIN_NS7_baseline_20N_200mm,1.7000000000000002,0.65147067633333344,0.34912771354458161
MAIN_NS7_baseline_20N_200mm,1.75,0.76820245266666676,0.36177578853070264
MAIN_NS7_baseline_20N_200mm,1.7999999999999998,0.91124302133333346,0.38944777220085564
MAIN_NS7_baseline_20N_200mm,1.8499999999999996,1.0836289290000001,0.42627943865753654
MAIN_NS7_baseline_20N_200mm,1.9000000000000004,1.271379883,0.4820988327238499
MAIN_NS7_baseline_20N_200mm,1.9500000000000002,1.4767727920000002,0.54502612196142919
MAIN_NS7_baseline_20N_200mm,2,1.6873442276666666,0.60443617215449197
MAIN_NS7_baseline_20N_200mm,2.0499999999999998,1.9136508546666668,0.64754136179256605
MAIN_NS7_baseline_20N_200mm,2.0999999999999996,2.1416386946666663,0.66857228322456497
MAIN_NS7_baseline_20N_200mm,2.1500000000000004,2.3794863240000002,0.68410238117138866
MAIN_NS7_baseline_20N_200mm,2.2000000000000002,2.619973611666667,0.69346901846488218
MAIN_NS7_baseline_20N_200mm,2.25,2.8575491613333335,0.70951813514112672
MAIN_NS7_baseline_20N_200mm,2.2999999999999998,3.0835482459999999,0.71247699437189471
MAIN_NS7_baseline_20N_200mm,2.3499999999999996,3.2873662036666667,0.70870217930973911
MAIN_NS7_baseline_20N_200mm,2.4000000000000004,3.4852644203333334,0.69208818594882138
MAIN_NS7_baseline_20N_200mm,2.4500000000000002,3.6739694716666667,0.67508532997580861
MAIN_NS7_baseline_20N_200mm,2.5,3.8635593856666666,0.6641107936616415
MAIN_NS7_baseline_20N_200mm,2.5499999999999998,4.0497176623333333,0.6606038700583825
MAIN_NS7_baseline_20N_200mm,2.5999999999999996,4.2197859626666672,0.66554664364140503
MAIN_NS7_baseline_20N_200mm,2.6500000000000004,4.3773080180000008,0.67601025561367578
MAIN_NS7_baseline_20N_200mm,2.7000000000000002,4.5220875636666662,0.68820687262333802
MAIN_NS7_baseline_20N_200mm,2.75,4.6513674343333333,0.68636515218208083
MAIN_NS7_baseline_20N_200mm,2.7999999999999998,4.789183381,0.68124858893019857
MAIN_NS7_baseline_20N_200mm,2.8499999999999996,4.9244137183333336,0.67601478489445965
MAIN_NS7_baseline_20N_200mm,2.9000000000000004,5.071695032,0.68089956688678699
MAIN_NS7_baseline_20N_200mm,2.9500000000000002,5.2097984476666666,0.697092101159142
MAIN_NS7_baseline_20N_200mm,3,5.3424338763333337,0.7010691557134936
MAIN_NS7_baseline_20N_200mm,3.0500000000000007,5.458067819,0.69770680766204995
MAIN_NS7_baseline_20N_200mm,3.0999999999999996,5.5649788603333334,0.68155666127279024
MAIN_NS7_baseline_20N_200mm,3.1500000000000004,5.6400013376666669,0.66960190975127487
MAIN_NS7_baseline_20N_200mm,3.1999999999999993,5.6887707816666664,0.67646618174550965
MAIN_NS7_baseline_20N_200mm,3.25,5.7251804713333341,0.68775946540700561
MAIN_NS7_baseline_20N_200mm,3.3000000000000007,5.7426351653333336,0.69472236132174958
MAIN_NS7_baseline_20N_200mm,3.3499999999999996,5.7441811103333338,0.69517395092641965
MAIN_NS7_baseline_20N_200mm,3.4000000000000004,5.744270601666666,0.69517941496601798
MAIN_NS7_baseline_20N_200mm,3.4499999999999993,5.744284935333333,0.6952686344238389
MAIN_NS7_baseline_20N_200mm,3.5,5.7437965756666669,0.69518385623038748
MAIN_NS7_baseline_20N_200mm,3.5500000000000007,5.7432444483333329,0.6949953972345696
MAIN_NS7_baseline_20N_200mm,3.5999999999999996,5.7422265156666663,0.69448744061017453
MAIN_NS7_baseline_20N_200mm,3.6500000000000004,5.7400234386666673,0.69363738721349177
MAIN_NS7_baseline_20N_200mm,3.6999999999999993,5.7370824436666661,0.6927103236040828
MAIN_NS7_baseline_20N_200mm,3.75,5.7325284056666668,0.69170922336145535
MAIN_NS7_baseline_20N_200mm,3.8000000000000007,5.7272327873333326,0.68979413802146949
MAIN_NS7_baseline_20N_200mm,3.8499999999999996,5.7217942516666662,0.68907876116757139
MAIN_NS7_baseline_20N_200mm,3.9000000000000004,5.7167398236666669,0.68943020116451603
MAIN_NS7_baseline_20N_200mm,3.9499999999999993,5.7127112406666667,0.68959651199283001
MAIN_NS7_baseline_20N_200mm,4,5.7103843623333335,0.6902920270908377
MAIN_NS7_damping_2p0_20N_200mm,0,0,0
MAIN_NS7_damping_2p0_20N_200mm,0.049999999999999822,4.3053666666681423e-05,4.8781923212726054e-05
MAIN_NS7_damping_2p0_20N_200mm,0.099999999999999645,-7.3719333333333026e-05,4.124892868106685e-05
MAIN_NS7_damping_2p0_20N_200mm,0.15000000000000036,8.0977666666666906e-05,0.0001271134637177969
MAIN_NS7_damping_2p0_20N_200mm,0.20000000000000018,1.5136999999998402e-05,0.00010098753675085435
MAIN_NS7_damping_2p0_20N_200mm,0.25,0.00030190233333330746,2.419970911671561e-05
MAIN_NS7_damping_2p0_20N_200mm,0.29999999999999982,0.00024594199999998051,0.00012189851873177165
MAIN_NS7_damping_2p0_20N_200mm,0.34999999999999964,0.00033476633333332878,0.00024961561878283494
MAIN_NS7_damping_2p0_20N_200mm,0.40000000000000036,0.00054800333333330598,3.8144982859273921e-05
MAIN_NS7_damping_2p0_20N_200mm,0.45000000000000018,0.0013288750000000071,0.00025518634591413237
MAIN_NS7_damping_2p0_20N_200mm,0.5,0.0019375419999999959,0.00039702036627354805
MAIN_NS7_damping_2p0_20N_200mm,0.54999999999999982,0.0023995396666666538,0.00021671822672851768
MAIN_NS7_damping_2p0_20N_200mm,0.59999999999999964,0.0030930559999999829,0.00049173021169846389
MAIN_NS7_damping_2p0_20N_200mm,0.65000000000000036,0.0055896260000000142,0.0014027588941265042
MAIN_NS7_damping_2p0_20N_200mm,0.70000000000000018,0.013904413999999976,0.0015298791376353663
MAIN_NS7_damping_2p0_20N_200mm,0.75,0.01940335466666665,0.00063646074945462319
MAIN_NS7_damping_2p0_20N_200mm,0.79999999999999982,0.023202286333333322,0.00032805924751536602
MAIN_NS7_damping_2p0_20N_200mm,0.84999999999999964,0.026865084999999993,0.001241191498873165
MAIN_NS7_damping_2p0_20N_200mm,0.90000000000000036,0.031663550666666707,0.0014542665746916168
MAIN_NS7_damping_2p0_20N_200mm,0.95000000000000018,0.038409342666666658,0.0011352905684450902
MAIN_NS7_damping_2p0_20N_200mm,1,0.045393891666666665,0.0016312455811487688
MAIN_NS7_damping_2p0_20N_200mm,1.0499999999999998,0.055779136666666673,0.0026760348056918521
MAIN_NS7_damping_2p0_20N_200mm,1.0999999999999996,0.066460842999999992,0.0019684651827632177
MAIN_NS7_damping_2p0_20N_200mm,1.1500000000000004,0.082327428333333327,0.00026269173435095495
MAIN_NS7_damping_2p0_20N_200mm,1.2000000000000002,0.10481576133333333,0.0035498062467876029
MAIN_NS7_damping_2p0_20N_200mm,1.25,0.13564559366666665,0.0057259338807142133
MAIN_NS7_damping_2p0_20N_200mm,1.2999999999999998,0.18129473000000004,0.010435955236628613
MAIN_NS7_damping_2p0_20N_200mm,1.3499999999999996,0.2436103196666666,0.013758211257093917
MAIN_NS7_damping_2p0_20N_200mm,1.4000000000000004,0.30781976100000003,0.0094595175472148071
MAIN_NS7_damping_2p0_20N_200mm,1.4500000000000002,0.35626348033333333,0.0062008297944946616
MAIN_NS7_damping_2p0_20N_200mm,1.5,0.40303655066666666,0.0078212463545016785
MAIN_NS7_damping_2p0_20N_200mm,1.5499999999999998,0.46865980299999999,0.01280233490032268
MAIN_NS7_damping_2p0_20N_200mm,1.5999999999999996,0.54487537233333327,0.011246204897633444
MAIN_NS7_damping_2p0_20N_200mm,1.6500000000000004,0.60998507166666671,0.0092858046453977855
MAIN_NS7_damping_2p0_20N_200mm,1.7000000000000002,0.68162783133333338,0.010908330375380667
MAIN_NS7_damping_2p0_20N_200mm,1.75,0.76988518000000006,0.015061250593759042
MAIN_NS7_damping_2p0_20N_200mm,1.7999999999999998,0.86731793033333338,0.016364449348401124
MAIN_NS7_damping_2p0_20N_200mm,1.8499999999999996,0.97607595866666663,0.021093001584369088
MAIN_NS7_damping_2p0_20N_200mm,1.9000000000000004,1.1044868466666669,0.024322700973362543
MAIN_NS7_damping_2p0_20N_200mm,1.9500000000000002,1.2465343569999998,0.028722328937732262
MAIN_NS7_damping_2p0_20N_200mm,2,1.3972248526666668,0.029966003760932506
MAIN_NS7_damping_2p0_20N_200mm,2.0499999999999998,1.552554839333333,0.03449292914801113
MAIN_NS7_damping_2p0_20N_200mm,2.0999999999999996,1.7105731596666667,0.037343463940546572
MAIN_NS7_damping_2p0_20N_200mm,2.1500000000000004,1.8582697143333331,0.038073311077004547
MAIN_NS7_damping_2p0_20N_200mm,2.2000000000000002,1.989687616333333,0.040514722716936326
MAIN_NS7_damping_2p0_20N_200mm,2.25,2.1237843929999998,0.052771300877241419
MAIN_NS7_damping_2p0_20N_200mm,2.2999999999999998,2.2557022306666665,0.057077393578788264
MAIN_NS7_damping_2p0_20N_200mm,2.3499999999999996,2.3780417479999998,0.060206666960166202
MAIN_NS7_damping_2p0_20N_200mm,2.4000000000000004,2.5071614893333329,0.074981261760474219
MAIN_NS7_damping_2p0_20N_200mm,2.4500000000000002,2.6528172846666664,0.088623008486668015
MAIN_NS7_damping_2p0_20N_200mm,2.5,2.7930503550000001,0.083539775379210215
MAIN_NS7_damping_2p0_20N_200mm,2.5499999999999998,2.9217252246666665,0.086044342167425777
MAIN_NS7_damping_2p0_20N_200mm,2.5999999999999996,3.0485631006666671,0.094383873187752224
MAIN_NS7_damping_2p0_20N_200mm,2.6500000000000004,3.1760115846666666,0.10057762914842816
MAIN_NS7_damping_2p0_20N_200mm,2.7000000000000002,3.2947573426666668,0.10096476631037976
MAIN_NS7_damping_2p0_20N_200mm,2.75,3.4059838140000003,0.10182633832962007
MAIN_NS7_damping_2p0_20N_200mm,2.7999999999999998,3.5000723696666665,0.097385969374396503
MAIN_NS7_damping_2p0_20N_200mm,2.8499999999999996,3.5829213586666668,0.087924624886134978
MAIN_NS7_damping_2p0_20N_200mm,2.9000000000000004,3.661604110666667,0.10078739399933323
MAIN_NS7_damping_2p0_20N_200mm,2.9500000000000002,3.7426822800000004,0.11990902614314446
MAIN_NS7_damping_2p0_20N_200mm,3,3.8400466220000005,0.14518116308696635
MAIN_NS7_damping_2p0_20N_200mm,3.0500000000000007,3.9409436739999997,0.15672699886726019
MAIN_NS7_damping_2p0_20N_200mm,3.0999999999999996,4.0475800476666661,0.16765049824459186
MAIN_NS7_damping_2p0_20N_200mm,3.1500000000000004,4.1445741263333327,0.16452862789616371
MAIN_NS7_damping_2p0_20N_200mm,3.1999999999999993,4.2174514830000005,0.155293670545327
MAIN_NS7_damping_2p0_20N_200mm,3.25,4.2713641726666669,0.15776338282244018
MAIN_NS7_damping_2p0_20N_200mm,3.3000000000000007,4.30502363,0.16319443646988455
MAIN_NS7_damping_2p0_20N_200mm,3.3499999999999996,4.3170722929999998,0.16744723572856807
MAIN_NS7_damping_2p0_20N_200mm,3.4000000000000004,4.318014561,0.16842744137286594
MAIN_NS7_damping_2p0_20N_200mm,3.4499999999999993,4.3180308643333332,0.16836454843232584
MAIN_NS7_damping_2p0_20N_200mm,3.5,4.317557102666667,0.16827057368016923
MAIN_NS7_damping_2p0_20N_200mm,3.5500000000000007,4.3166885820000003,0.16826375008291461
MAIN_NS7_damping_2p0_20N_200mm,3.5999999999999996,4.3154059536666667,0.168114133897172
MAIN_NS7_damping_2p0_20N_200mm,3.6500000000000004,4.312466028666667,0.16765667870058357
MAIN_NS7_damping_2p0_20N_200mm,3.6999999999999993,4.3079924023333334,0.16758898837258887
MAIN_NS7_damping_2p0_20N_200mm,3.75,4.3014045346666663,0.16730171886774772
MAIN_NS7_damping_2p0_20N_200mm,3.8000000000000007,4.2951088723333344,0.1677476950421585
MAIN_NS7_damping_2p0_20N_200mm,3.8499999999999996,4.2894351159999999,0.16801742753376034
MAIN_NS7_damping_2p0_20N_200mm,3.9000000000000004,4.2841274543333334,0.16754306457533433
MAIN_NS7_damping_2p0_20N_200mm,3.9499999999999993,4.2803820076666668,0.1664734152596786
MAIN_NS7_damping_2p0_20N_200mm,4,4.2770921296666664,0.1666018140258306
MAIN_NS8_ksigma_1p5_20N_200mm,0,0,0
MAIN_NS8_ksigma_1p5_20N_200mm,0.049999999999999822,-2.368899999999341e-05,0.00032160957603436419
MAIN_NS8_ksigma_1p5_20N_200mm,0.099999999999999645,2.4553000000019736e-05,0.00013379631944488622
MAIN_NS8_ksigma_1p5_20N_200mm,0.15000000000000036,-1.3855666666636365e-05,0.00017306693899856642
MAIN_NS8_ksigma_1p5_20N_200mm,0.20000000000000018,7.0703666666671605e-05,0.00016571953119754311
MAIN_NS8_ksigma_1p5_20N_200mm,0.25,2.5216333333336987e-05,0.00026892912833183794
MAIN_NS8_ksigma_1p5_20N_200mm,0.29999999999999982,-6.7749999999774007e-06,0.00018074481946378518
MAIN_NS8_ksigma_1p5_20N_200mm,0.34999999999999964,0.00029822966666668654,0.00031990425631636877
MAIN_NS8_ksigma_1p5_20N_200mm,0.40000000000000036,0.00046664466666666388,0.00022747896456667938
MAIN_NS8_ksigma_1p5_20N_200mm,0.45000000000000018,0.00050356600000001084,0.00038090160584986366
MAIN_NS8_ksigma_1p5_20N_200mm,0.5,0.00087535733333334498,0.00048128884384049739
MAIN_NS8_ksigma_1p5_20N_200mm,0.54999999999999982,0.0012858350000000129,0.00101331950584848
MAIN_NS8_ksigma_1p5_20N_200mm,0.59999999999999964,0.0018896863333333624,0.001565003241367048
MAIN_NS8_ksigma_1p5_20N_200mm,0.65000000000000036,0.0023637433333333533,0.0012341496564000586
MAIN_NS8_ksigma_1p5_20N_200mm,0.70000000000000018,0.0043793880000000214,0.0025906823673215781
MAIN_NS8_ksigma_1p5_20N_200mm,0.75,0.0074650783333333566,0.0049888527559895229
MAIN_NS8_ksigma_1p5_20N_200mm,0.79999999999999982,0.0097261126666666753,0.0061019317988060253
MAIN_NS8_ksigma_1p5_20N_200mm,0.84999999999999964,0.015185140000000005,0.0043012567664045594
MAIN_NS8_ksigma_1p5_20N_200mm,0.90000000000000036,0.02108486833333334,0.0035962417435542815
MAIN_NS8_ksigma_1p5_20N_200mm,0.95000000000000018,0.026573936000000003,0.0069629007297013013
MAIN_NS8_ksigma_1p5_20N_200mm,1,0.029492393666666689,0.0064853956289276727
MAIN_NS8_ksigma_1p5_20N_200mm,1.0499999999999998,0.033197774333333353,0.0044272007389625093
MAIN_NS8_ksigma_1p5_20N_200mm,1.0999999999999996,0.03584609333333335,0.0035413267551357478
MAIN_NS8_ksigma_1p5_20N_200mm,1.1500000000000004,0.037570359666666664,0.0022649341504002492
MAIN_NS8_ksigma_1p5_20N_200mm,1.2000000000000002,0.039198908333333359,0.0029185960032560515
MAIN_NS8_ksigma_1p5_20N_200mm,1.25,0.04113648700000002,0.0042875093094565898
MAIN_NS8_ksigma_1p5_20N_200mm,1.2999999999999998,0.041959019666666673,0.0048649278160582598
MAIN_NS8_ksigma_1p5_20N_200mm,1.3499999999999996,0.043176132333333339,0.005271380296713697
MAIN_NS8_ksigma_1p5_20N_200mm,1.4000000000000004,0.045543119000000021,0.0064019991502767175
MAIN_NS8_ksigma_1p5_20N_200mm,1.4500000000000002,0.047597832333333347,0.0064527057091209429
MAIN_NS8_ksigma_1p5_20N_200mm,1.5,0.05187915500000001,0.0061862427317064608
MAIN_NS8_ksigma_1p5_20N_200mm,1.5499999999999998,0.055018617333333353,0.0045631976252332208
MAIN_NS8_ksigma_1p5_20N_200mm,1.5999999999999996,0.057600575000000008,0.0065063841262965865
MAIN_NS8_ksigma_1p5_20N_200mm,1.6500000000000004,0.05853600400000001,0.0063604000805187475
MAIN_NS8_ksigma_1p5_20N_200mm,1.7000000000000002,0.059131516000000016,0.0056640843692408929
MAIN_NS8_ksigma_1p5_20N_200mm,1.75,0.060961745000000012,0.0034347912354792559
MAIN_NS8_ksigma_1p5_20N_200mm,1.7999999999999998,0.062730820666666687,0.0021204135503387887
MAIN_NS8_ksigma_1p5_20N_200mm,1.8499999999999996,0.063499975333333347,0.0016211031438851673
MAIN_NS8_ksigma_1p5_20N_200mm,1.9000000000000004,0.064074916000000023,0.0015685853821832793
MAIN_NS8_ksigma_1p5_20N_200mm,1.9500000000000002,0.06446937933333334,0.001324252317274314
MAIN_NS8_ksigma_1p5_20N_200mm,2,0.064901231000000018,0.0011566063413793962
MAIN_NS8_ksigma_1p5_20N_200mm,2.0499999999999998,0.065007216666666687,0.0013590838208220781
MAIN_NS8_ksigma_1p5_20N_200mm,2.0999999999999996,0.06533576733333335,0.0011789465271691989
MAIN_NS8_ksigma_1p5_20N_200mm,2.1500000000000004,0.065412132999999997,0.0012793912269876563
MAIN_NS8_ksigma_1p5_20N_200mm,2.2000000000000002,0.065622590666666661,0.0012152250823449879
MAIN_NS8_ksigma_1p5_20N_200mm,2.25,0.06580014499999999,0.0010408292147749425
MAIN_NS8_ksigma_1p5_20N_200mm,2.2999999999999998,0.06572360100000002,0.0010615629540724376
MAIN_NS8_ksigma_1p5_20N_200mm,2.3499999999999996,0.065873008666666677,0.0011251906592330933
MAIN_NS8_ksigma_1p5_20N_200mm,2.4000000000000004,0.065894085333333338,0.0010564335459148984
MAIN_NS8_ksigma_1p5_20N_200mm,2.4500000000000002,0.065885586666666676,0.0010183188682207386
MAIN_NS8_ksigma_1p5_20N_200mm,2.5,0.066001850333333348,0.001090880703669
MAIN_NS8_ksigma_1p5_20N_200mm,2.5499999999999998,0.066036077666666693,0.0011244924307474776
MAIN_NS8_ksigma_1p5_20N_200mm,2.5999999999999996,0.06611784366666669,0.00099993178478600649
MAIN_NS8_ksigma_1p5_20N_200mm,2.6500000000000004,0.066079727333333338,0.00097298249537303811
MAIN_NS8_ksigma_1p5_20N_200mm,2.7000000000000002,0.066261149333333338,0.000931420334835639
MAIN_NS8_ksigma_1p5_20N_200mm,2.75,0.06631264000000002,0.0010360607327811429
MAIN_NS8_ksigma_1p5_20N_200mm,2.7999999999999998,0.066227164000000019,0.00096524792688356211
MAIN_NS8_ksigma_1p5_20N_200mm,2.8499999999999996,0.066229230333333333,0.00089930234029181669
MAIN_NS8_ksigma_1p5_20N_200mm,2.9000000000000004,0.066347774666666692,0.0010602239463134056
MAIN_NS8_ksigma_1p5_20N_200mm,2.9500000000000002,0.066428447666666668,0.00094375178839636105
MAIN_NS8_ksigma_1p5_20N_200mm,3,0.066399768666666692,0.0010441421604122422
MAIN_NS8_ksigma_1p5_20N_200mm,3.0500000000000007,0.066450823333333353,0.0010706608448553215
MAIN_NS8_ksigma_1p5_20N_200mm,3.0999999999999996,0.066380074666666677,0.00083862354533865676
MAIN_NS8_ksigma_1p5_20N_200mm,3.1500000000000004,0.066275223333333341,0.0010025615487387056
MAIN_NS8_ksigma_1p5_20N_200mm,3.1999999999999993,0.066302802333333341,0.00089720608982348632
MAIN_NS8_ksigma_1p5_20N_200mm,3.25,0.066121846000000026,0.00096169909180627547
MAIN_NS8_ksigma_1p5_20N_200mm,3.3000000000000007,0.065916079666666683,0.00097854446646759028
MAIN_NS8_ksigma_1p5_20N_200mm,3.3499999999999996,0.065480146333333336,0.0010455489432031971
MAIN_NS8_ksigma_1p5_20N_200mm,3.4000000000000004,0.065070932000000012,0.0010429484648116695
MAIN_NS8_ksigma_1p5_20N_200mm,3.4499999999999993,0.064413372666666677,0.0011131323077807735
MAIN_NS8_ksigma_1p5_20N_200mm,3.5,0.063942888666666697,0.0010636472773853933
MAIN_NS8_ksigma_1p5_20N_200mm,3.5500000000000007,0.063212001333333365,0.00081380091388641375
MAIN_NS8_ksigma_1p5_20N_200mm,3.5999999999999996,0.05973453366666668,0.0030503262083623698
MAIN_NS8_ksigma_1p5_20N_200mm,3.6500000000000004,0.04942221366666668,0.0067899726891929484
MAIN_NS8_ksigma_1p5_20N_200mm,3.6999999999999993,0.034761645333333334,0.005003487369143282
MAIN_NS8_ksigma_1p5_20N_200mm,3.75,0.02551234400000002,0.0033056352021810947
MAIN_NS8_ksigma_1p5_20N_200mm,3.8499999999999996,0.018615513666666677,0.0056892275041550526
MAIN_NS8_ksigma_1p5_20N_200mm,3.9000000000000004,0.016221167666666685,0.0044563714256615101
MAIN_NS8_ksigma_1p5_20N_200mm,3.9499999999999993,0.013499916666666667,0.0028358691992728296
MAIN_NS8_ksigma_1p5_20N_200mm,4,0.012963731000000015,0.0026371119156127884
MAIN_NS8_ksigma_2p0_20N_200mm,0,0,0
MAIN_NS8_ksigma_2p0_20N_200mm,0.049999999999999822,-0.0032597539999999849,0.0050649335329036793
MAIN_NS8_ksigma_2p0_20N_200mm,0.099999999999999645,-0.0095169096666666651,0.018852920766977352
MAIN_NS8_ksigma_2p0_20N_200mm,0.15000000000000036,-0.008435779666666662,0.012729313640208807
MAIN_NS8_ksigma_2p0_20N_200mm,0.20000000000000018,-0.00022641699999999729,0.004739458771117761
MAIN_NS8_ksigma_2p0_20N_200mm,0.25,0.0038651633333333288,0.012301543979476814
MAIN_NS8_ksigma_2p0_20N_200mm,0.29999999999999982,-0.0065791123333333408,0.010442764579934299
MAIN_NS8_ksigma_2p0_20N_200mm,0.34999999999999964,-0.0025185410000000039,0.011933268079351913
MAIN_NS8_ksigma_2p0_20N_200mm,0.40000000000000036,0.0086920423333333354,0.010854534162756899
MAIN_NS8_ksigma_2p0_20N_200mm,0.45000000000000018,0.007097913999999983,0.011187879562796207
MAIN_NS8_ksigma_2p0_20N_200mm,0.5,-0.0020671910000000051,0.0081863992915652065
MAIN_NS8_ksigma_2p0_20N_200mm,0.54999999999999982,0.005886119666666652,0.012719144183989374
MAIN_NS8_ksigma_2p0_20N_200mm,0.59999999999999964,0.021909660333333341,0.0082315094070308029
MAIN_NS8_ksigma_2p0_20N_200mm,0.65000000000000036,0.018007411666666657,0.0075521014250468374
MAIN_NS8_ksigma_2p0_20N_200mm,0.70000000000000018,0.015960769999999996,0.011771956186866302
MAIN_NS8_ksigma_2p0_20N_200mm,0.75,0.023893091333333321,0.016062906884048326
MAIN_NS8_ksigma_2p0_20N_200mm,0.79999999999999982,0.026946055666666652,0.010818347817085079
MAIN_NS8_ksigma_2p0_20N_200mm,0.84999999999999964,0.028573590666666666,0.0077503099476950114
MAIN_NS8_ksigma_2p0_20N_200mm,0.90000000000000036,0.034031255333333323,0.011944894412719854
MAIN_NS8_ksigma_2p0_20N_200mm,0.95000000000000018,0.040596488333333326,0.016354473184382923
MAIN_NS8_ksigma_2p0_20N_200mm,1,0.042452411000000002,0.0091082780210182401
MAIN_NS8_ksigma_2p0_20N_200mm,1.0499999999999998,0.044136932333333344,0.0053842117635867059
MAIN_NS8_ksigma_2p0_20N_200mm,1.0999999999999996,0.046793737333333328,0.0082155268941670832
MAIN_NS8_ksigma_2p0_20N_200mm,1.1500000000000004,0.050862426666666662,0.010538856447010962
MAIN_NS8_ksigma_2p0_20N_200mm,1.2000000000000002,0.051226896666666653,0.012354280391806182
MAIN_NS8_ksigma_2p0_20N_200mm,1.25,0.053481327333333328,0.011984685162939119
MAIN_NS8_ksigma_2p0_20N_200mm,1.2999999999999998,0.058453005333333329,0.012834608823734276
MAIN_NS8_ksigma_2p0_20N_200mm,1.3499999999999996,0.061014644666666652,0.011917545146008264
MAIN_NS8_ksigma_2p0_20N_200mm,1.4000000000000004,0.063246255333333321,0.010317565739572569
MAIN_NS8_ksigma_2p0_20N_200mm,1.4500000000000002,0.067364863666666663,0.0092297634585530707
MAIN_NS8_ksigma_2p0_20N_200mm,1.5,0.068018219333333338,0.009697517603247368
MAIN_NS8_ksigma_2p0_20N_200mm,1.5499999999999998,0.068649640666666664,0.011277992961254871
MAIN_NS8_ksigma_2p0_20N_200mm,1.5999999999999996,0.070133664333333345,0.012067756074586397
MAIN_NS8_ksigma_2p0_20N_200mm,1.7000000000000002,0.072656422333333318,0.011274726791941575
MAIN_NS8_ksigma_2p0_20N_200mm,1.75,0.073921677666666644,0.013738170779564974
MAIN_NS8_ksigma_2p0_20N_200mm,1.7999999999999998,0.074897822000000003,0.015083321120403609
MAIN_NS8_ksigma_2p0_20N_200mm,1.8499999999999996,0.075440571666666664,0.015148638044525866
MAIN_NS8_ksigma_2p0_20N_200mm,1.9000000000000004,0.075015062999999993,0.014358932835843894
MAIN_NS8_ksigma_2p0_20N_200mm,1.9500000000000002,0.075039009000000004,0.014533246345359607
MAIN_NS8_ksigma_2p0_20N_200mm,2,0.075029288999999999,0.014345754400272701
MAIN_NS8_ksigma_2p0_20N_200mm,2.0499999999999998,0.074987688333333316,0.014358908414338355
MAIN_NS8_ksigma_2p0_20N_200mm,2.0999999999999996,0.075594693333333338,0.014892061524142641
MAIN_NS8_ksigma_2p0_20N_200mm,2.1500000000000004,0.075311219666666665,0.014357567869911056
MAIN_NS8_ksigma_2p0_20N_200mm,2.2000000000000002,0.075385558333333325,0.014704204053622964
MAIN_NS8_ksigma_2p0_20N_200mm,2.25,0.07548888233333334,0.014821987927224028
MAIN_NS8_ksigma_2p0_20N_200mm,2.2999999999999998,0.075583387999999987,0.014887431513787094
MAIN_NS8_ksigma_2p0_20N_200mm,2.3499999999999996,0.075690991666666665,0.014556009291934452
MAIN_NS8_ksigma_2p0_20N_200mm,2.4000000000000004,0.075923795000000016,0.014942459552381236
MAIN_NS8_ksigma_2p0_20N_200mm,2.4500000000000002,0.07569096133333332,0.014882369481941542
MAIN_NS8_ksigma_2p0_20N_200mm,2.5,0.076091870999999991,0.014962186589611475
MAIN_NS8_ksigma_2p0_20N_200mm,2.5499999999999998,0.076134985333333349,0.015164957924920284
MAIN_NS8_ksigma_2p0_20N_200mm,2.5999999999999996,0.076161013333333319,0.014756240899706513
MAIN_NS8_ksigma_2p0_20N_200mm,2.6500000000000004,0.075964731333333327,0.015052336562298305
MAIN_NS8_ksigma_2p0_20N_200mm,2.7000000000000002,0.076549753000000012,0.015249843555674913
MAIN_NS8_ksigma_2p0_20N_200mm,2.75,0.075790072,0.01470413161478124
MAIN_NS8_ksigma_2p0_20N_200mm,2.7999999999999998,0.076074770666666666,0.014822184866366736
MAIN_NS8_ksigma_2p0_20N_200mm,2.8499999999999996,0.076039914,0.014884000605082088
MAIN_NS8_ksigma_2p0_20N_200mm,2.9000000000000004,0.076128258333333323,0.014855050466402073
MAIN_NS8_ksigma_2p0_20N_200mm,2.9500000000000002,0.07647651133333333,0.015292162838077132
MAIN_NS8_ksigma_2p0_20N_200mm,3,0.076403484333333341,0.014871429626291713
MAIN_NS8_ksigma_2p0_20N_200mm,3.0500000000000007,0.076111083333333343,0.014817239513023567
MAIN_NS8_ksigma_2p0_20N_200mm,3.0999999999999996,0.076104490999999996,0.015111084160794907
MAIN_NS8_ksigma_2p0_20N_200mm,3.1500000000000004,0.076101469333333338,0.014915061240636686
MAIN_NS8_ksigma_2p0_20N_200mm,3.1999999999999993,0.075936715666666668,0.014849610656062225
MAIN_NS8_ksigma_2p0_20N_200mm,3.25,0.075665803333333337,0.01479420795634589
MAIN_NS8_ksigma_2p0_20N_200mm,3.3000000000000007,0.075087305666666673,0.014850238871933145
MAIN_NS8_ksigma_2p0_20N_200mm,3.3499999999999996,0.074072615333333328,0.014052833327543986
MAIN_NS8_ksigma_2p0_20N_200mm,3.4000000000000004,0.072190741000000003,0.01322338397732243
MAIN_NS8_ksigma_2p0_20N_200mm,3.4499999999999993,0.067769778999999974,0.010313998003903296
MAIN_NS8_ksigma_2p0_20N_200mm,3.5,0.06377137233333334,0.0099396398274729601
MAIN_NS8_ksigma_2p0_20N_200mm,3.5500000000000007,0.055746196666666671,0.010609277450672224
MAIN_NS8_ksigma_2p0_20N_200mm,3.5999999999999996,0.048373560000000003,0.012042434828614995
MAIN_NS8_ksigma_2p0_20N_200mm,3.6500000000000004,0.042267074999999987,0.013202863825027828
MAIN_NS8_ksigma_2p0_20N_200mm,3.6999999999999993,0.03637294533333333,0.012373478811717452
MAIN_NS8_ksigma_2p0_20N_200mm,3.75,0.032380145000000006,0.010833413558510915
MAIN_NS8_ksigma_2p0_20N_200mm,3.8000000000000007,0.029304195666666661,0.01053881470011152
MAIN_NS8_ksigma_2p0_20N_200mm,3.8499999999999996,0.022660812999999985,0.011671768579560735
MAIN_NS8_ksigma_2p0_20N_200mm,3.9000000000000004,0.015383734333333324,0.01482801893576011
MAIN_NS8_ksigma_2p0_20N_200mm,3.9499999999999993,0.013490935000000001,0.018529964068302682
MAIN_NS8_ksigma_2p0_20N_200mm,4,0.0064491479999999974,0.023603945083026875
